,Median of Playing Time: minutes,Mean of Playing Time: minutes,Std of Playing Time: minutes,Median of Performance: goals,Mean of Performance: goals,Std of Performance: goals,Median of Performance: assists,Mean of Performance: assists,Std of Performance: assists,Median of Performance: yellow cards,Mean of Performance: yellow cards,Std of Performance: yellow cards,Median of Performance: red cards,Mean of Performance: red cards,Std of Performance: red cards,Median of Expected: expected goals (xG),Mean of Expected: expected goals (xG),Std of Expected: expected goals (xG),Median of Expected: expedted Assist Goals (xAG),Mean of Expected: expedted Assist Goals (xAG),Std of Expected: expedted Assist Goals (xAG),Median of Progression: PrgC,Mean of Progression: PrgC,Std of Progression: PrgC,Median of Progression: PrgP,Mean of Progression: PrgP,Std of Progression: PrgP,Median of Progression: PrgR,Mean of Progression: PrgR,Std of Progression: PrgR,Median of Per 90 minutes: Gls,Mean of Per 90 minutes: Gls,Std of Per 90 minutes: Gls,Median of Per 90 minutes: Ast,Mean of Per 90 minutes: Ast,Std of Per 90 minutes: Ast,Median of Per 90 minutes: xG,Mean of Per 90 minutes: xG,Std of Per 90 minutes: xG,Median of Per 90 minutes: xGA,Mean of Per 90 minutes: xGA,Std of Per 90 minutes: xGA,Median of Performance: goals against per 90mins (GA90),Mean of Performance: goals against per 90mins (GA90),Std of Performance: goals against per 90mins (GA90),Median of Performance: Save%,Mean of Performance: Save%,Std of Performance: Save%,Median of Performance: CS%,Mean of Performance: CS%,Std of Performance: CS%,Median of Penalty Kicks: penalty kicks Save%,Mean of Penalty Kicks: penalty kicks Save%,Std of Penalty Kicks: penalty kicks Save%,Median of Standard: shoots on target percentage (SoT%),Mean of Standard: shoots on target percentage (SoT%),Std of Standard: shoots on target percentage (SoT%),Median of Standard: Shoot on Target per 90min (SoT/90),Mean of Standard: Shoot on Target per 90min (SoT/90),Std of Standard: Shoot on Target per 90min (SoT/90),Median of Standard: goals/shot (G/sh),Mean of Standard: goals/shot (G/sh),Std of Standard: goals/shot (G/sh),Median of Standard: average shoot distance (Dist),Mean of Standard: average shoot distance (Dist),Std of Standard: average shoot distance (Dist),Median of Total: passes completed (Cmp),Mean of Total: passes completed (Cmp),Std of Total: passes completed (Cmp),Median of Total: Pass completion (Cmp%),Mean of Total: Pass completion (Cmp%),Std of Total: Pass completion (Cmp%),Median of Total: progressive passing distance (TotDist),Mean of Total: progressive passing distance (TotDist),Std of Total: progressive passing distance (TotDist),Median of Short: Pass completion (Cmp%),Mean of Short: Pass completion (Cmp%),Std of Short: Pass completion (Cmp%),Median of Medium: Pass completion (Cmp%),Mean of Medium: Pass completion (Cmp%),Std of Medium: Pass completion (Cmp%),Median of Long: Pass completion (Cmp%),Mean of Long: Pass completion (Cmp%),Std of Long: Pass completion (Cmp%),Median of Expected: key passes (KP),Mean of Expected: key passes (KP),Std of Expected: key passes (KP),Median of Expected: pass into final third (1/3),Mean of Expected: pass into final third (1/3),Std of Expected: pass into final third (1/3),Median of Expected: pass into penalty area (PPA),Mean of Expected: pass into penalty area (PPA),Std of Expected: pass into penalty area (PPA),Median of Expected: CrsPA,Mean of Expected: CrsPA,Std of Expected: CrsPA,Median of Expected: PrgP,Mean of Expected: PrgP,Std of Expected: PrgP,Median of SCA: SCA,Mean of SCA: SCA,Std of SCA: SCA,Median of SCA: SCA90,Mean of SCA: SCA90,Std of SCA: SCA90,Median of GCA: GCA,Mean of GCA: GCA,Std of GCA: GCA,Median of GCA: GCA90,Mean of GCA: GCA90,Std of GCA: GCA90,Median of Tackles: Tkl,Mean of Tackles: Tkl,Std of Tackles: Tkl,Median of Tackles: TklW,Mean of Tackles: TklW,Std of Tackles: TklW,Median of Challenges: Att,Mean of Challenges: Att,Std of Challenges: Att,Median of Challenges: Lost,Mean of Challenges: Lost,Std of Challenges: Lost,Median of Blocks: Blocks,Mean of Blocks: Blocks,Std of Blocks: Blocks,Median of Blocks: Sh,Mean of Blocks: Sh,Std of Blocks: Sh,Median of Blocks: Pass,Mean of Blocks: Pass,Std of Blocks: Pass,Median of Blocks: Int,Mean of Blocks: Int,Std of Blocks: Int,Median of Touches: Touches,Mean of Touches: Touches,Std of Touches: Touches,Median of Touches: Def Pen,Mean of Touches: Def Pen,Std of Touches: Def Pen,Median of Touches: Def 3rd,Mean of Touches: Def 3rd,Std of Touches: Def 3rd,Median of Touches: Mid 3rd,Mean of Touches: Mid 3rd,Std of Touches: Mid 3rd,Median of Touches: Att 3rd,Mean of Touches: Att 3rd,Std of Touches: Att 3rd,Median of Touches: Att Pen,Mean of Touches: Att Pen,Std of Touches: Att Pen,Median of Take-Ons: Att,Mean of Take-Ons: Att,Std of Take-Ons: Att,Median of Take-Ons: Succ%,Mean of Take-Ons: Succ%,Std of Take-Ons: Succ%,Median of Take-Ons: Tkld%,Mean of Take-Ons: Tkld%,Std of Take-Ons: Tkld%,Median of Carries: Carries,Mean of Carries: Carries,Std of Carries: Carries,Median of Carries: ProDist,Mean of Carries: ProDist,Std of Carries: ProDist,Median of Carries: ProgC,Mean of Carries: ProgC,Std of Carries: ProgC,Median of Carries: 1/3,Mean of Carries: 1/3,Std of Carries: 1/3,Median of Carries: CPA,Mean of Carries: CPA,Std of Carries: CPA,Median of Carries: Mis,Mean of Carries: Mis,Std of Carries: Mis,Median of Carries: Dis,Mean of Carries: Dis,Std of Carries: Dis,Median of Receiving: Rec,Mean of Receiving: Rec,Std of Receiving: Rec,Median of Receiving: PrgR,Mean of Receiving: PrgR,Std of Receiving: PrgR,Median of Performance: Fls,Mean of Performance: Fls,Std of Performance: Fls,Median of Performance: Fld,Mean of Performance: Fld,Std of Performance: Fld,Median of Performance: Off,Mean of Performance: Off,Std of Performance: Off,Median of Performance: Crs,Mean of Performance: Crs,Std of Performance: Crs,Median of Performance: Recov,Mean of Performance: Recov,Std of Performance: Recov,Median of Aerial Duels: Won,Mean of Aerial Duels: Won,Std of Aerial Duels: Won,Median of Aerial Duels: Lost,Mean of Aerial Duels: Lost,Std of Aerial Duels: Lost,Median of Aerial Duels: Won%,Mean of Aerial Duels: Won%,Std of Aerial Duels: Won%
all,1271.0,1332.967280163599,879.6411566661652,1.0,1.9406952965235174,3.404216335639436,1.0,1.4335378323108385,2.1568086907712223,2.0,2.869120654396728,2.5396945899876795,0.0,0.08793456032719836,0.3044035215065608,0.8,1.9683026584867076,2.9928736024118043,0.8,1.45480572597137,1.8086830677703811,14.0,25.349693251533743,29.68527545432508,35.0,49.9038854805726,48.23033198513871,24.0,49.31083844580777,62.06357053880381,0.03,0.11993865030674848,0.18473673203488444,0.04,0.08973415132924334,0.12631817620071062,0.07,0.134519427402863,0.16171792930497178,0.07,0.09764826175869121,0.1011146433937867,1.47,1.6364102564102565,0.6523701208891161,68.5,67.3025641025641,8.296875987207384,19.4,23.935897435897434,22.685138738128785,0.0,18.744,29.98924918477731,30.6,29.56551724137931,19.726943769974465,0.23,0.40588957055214725,0.4759112011572173,0.06,0.0779080459770115,0.10012890679812571,16.4,16.77310344827586,5.046538100324772,433.0,535.2903885480573,442.4595905528377,80.1,79.25460122699387,8.256998043790638,2010.0,3173.2638036809817,3430.467279553134,89.7,88.73783231083846,6.728811629644016,85.7,83.96932515337423,10.116505734351016,53.5,54.05525773195876,16.087306934554878,8.0,13.20040899795501,14.810438825133902,27.0,41.91411042944785,43.507451609692644,6.0,11.263803680981596,13.854851293132759,1.0,2.6625766871165646,4.139307069934471,35.0,49.9038854805726,48.23033198513871,20.0,30.926380368098158,31.09343895571425,1.8,2.0905112474437626,1.4283209592667234,2.0,3.366053169734151,4.070454440185543,0.15,0.2156237218813906,0.23139825670607594,17.0,23.924335378323107,21.836398043785408,10.0,14.284253578732107,13.397416006099238,,,,8.0,10.676891615541923,10.030787532136651,11.0,14.750511247443763,13.244203988434744,2.0,4.979550102249489,7.067269787986987,8.0,9.770961145194274,9.03027100153656,7.0,10.901840490797547,11.438295644954712,709.0,809.7505112474438,599.3559514013947,31.0,91.36196319018404,169.14528950009935,154.0,267.97341513292434,296.17080339493265,268.0,344.2147239263804,303.32699059823983,136.0,205.60327198364007,203.42300792488203,20.0,33.513292433537835,39.73998903732673,13.0,24.687116564417177,30.132872715743318,,,,43.8,42.15612472160356,21.713423969618653,382.0,454.1002044989775,346.30598053108673,974.0,1260.9918200408997,1056.650740225074,14.0,25.349693251533743,29.68527545432508,12.0,17.044989775051125,17.72773425839779,2.0,7.895705521472393,13.770638831032642,12.0,18.333333333333332,18.693749868686204,7.0,12.838445807770961,14.329426133563118,463.0,529.7750511247443,405.0995153380189,24.0,49.31083844580777,62.06357053880381,11.0,14.98159509202454,13.38252120043065,10.0,14.52760736196319,14.18394073578775,1.0,2.3087934560327197,3.831056275860425,9.0,23.65439672801636,34.61298300218427,44.0,56.43149284253579,44.92146961529645,9.0,17.591002044989775,20.517895048750812,12.0,17.57873210633947,17.896859488097135,50.0,48.86639004149377,21.658109615038697
Arsenal,,1474.4545454545455,856.3558298740701,,2.6818181818181817,2.766919614995014,,2.1818181818181817,2.6119936490180873,,2.8636363636363638,1.8846612565519705,,0.22727272727272727,0.5284134548067253,,2.4363636363636365,2.520307134447715,,1.8545454545454545,2.1100050265630204,,33.59090909090909,30.858600855405722,,73.0909090909091,59.40731804440794,,72.0909090909091,73.23667380220371,,0.16045454545454546,0.17027924607838046,,0.1409090909090909,0.1618908830313122,,0.1559090909090909,0.14371463427186565,,0.1209090909090909,0.11924001768777885,,0.82,,,76.5,,,36.4,,,0.0,,,26.68095238095238,17.872929783547495,,0.4068181818181818,0.4111353196725514,,0.1242857142857143,0.13193071774880288,,14.738095238095237,5.194658428662677,,669.5909090909091,523.6096927957029,,82.12272727272727,6.245679025815089,,3460.0454545454545,3748.1643694871013,,90.76363636363637,4.787836319609999,,84.60454545454546,8.219169073558485,,55.39545454545455,9.961089884561412,,16.727272727272727,16.95142027532352,,54.59090909090909,50.94316075495932,,17.59090909090909,17.807593594037055,,2.9545454545454546,3.6577025410478474,,73.0909090909091,59.40731804440794,,37.86363636363637,32.47606511255336,,2.454090909090909,1.430666375174966,,4.7272727272727275,5.311100847074193,,0.29863636363636364,0.3190506073388515,,23.772727272727273,20.14928054530748,,14.045454545454545,12.210367463474372,,,,,10.0,6.921326600064607,,12.681818181818182,10.562225431252925,,4.090909090909091,6.654100711370115,,8.590909090909092,6.863700868364647,,8.909090909090908,8.31469777768255,,945.8636363636364,633.6486404681222,,71.22727272727273,158.29145265201146,,237.0909090909091,314.93595858310306,,406.1363636363636,362.591636424773,,309.77272727272725,226.99589503697277,,51.45454545454545,47.36658182298015,,29.227272727272727,28.41684915709896,,,,,37.14090909090909,17.396870520185633,,553.4545454545455,381.2139415919481,,1555.409090909091,1043.422284010919,,33.59090909090909,30.858600855405722,,20.59090909090909,17.089844076607914,,11.590909090909092,14.191409510549114,,18.772727272727273,14.745239161237023,,15.181818181818182,12.893838926056207,,662.8636363636364,457.44313156360613,,72.0909090909091,73.23667380220371,,16.454545454545453,10.89660179762162,,16.045454545454547,11.315717146758953,,3.3636363636363638,3.7102875584290995,,31.181818181818183,41.232946100852935,,56.54545454545455,38.479094228433866,,19.454545454545453,19.84637971718741,,18.545454545454547,17.67087265133616,,48.51818181818182,19.40013834912957
Aston Villa,,1200.0,913.1171682555109,,1.8571428571428572,3.2853692020305405,,1.4642857142857142,2.3645866110738765,,2.4285714285714284,2.251395804558378,,0.07142857142857142,0.262265264156481,,1.9107142857142858,2.9346385083350857,,1.4,1.9434600682898109,,23.107142857142858,22.73411416989778,,42.75,46.34382375246997,,42.32142857142857,50.75945711660525,,0.1757142857142857,0.2921748407480315,,0.08607142857142858,0.1158651606382844,,0.19214285714285714,0.2458598990219632,,0.09178571428571429,0.1041029964142909,,1.705,0.417193000900063,,60.75,7.28319984622144,,57.6,59.96265504461923,,50.0,,,29.4,22.125061205188416,,0.4692857142857143,0.6725238730248613,,0.0756,0.08376952508718986,,16.92,4.5024993059410905,,476.2857142857143,412.7790958982565,,81.20714285714287,7.172577850108916,,2829.535714285714,3497.4764074828972,,89.98928571428571,5.576228599763947,,86.49285714285715,7.517285196104826,,54.103571428571435,15.298183918914404,,11.75,14.54399456056615,,36.785714285714285,45.3581281399463,,10.25,12.37567805849067,,1.8214285714285714,3.672254040157045,,42.75,46.34382375246997,,27.928571428571427,28.94557929713207,,2.1167857142857143,1.411959640519171,,3.357142857142857,3.7536578280321566,,0.2357142857142857,0.21726291584891935,,21.0,20.061018031108105,,12.107142857142858,12.23637348150325,,,,,7.607142857142857,8.052325570290057,,10.642857142857142,8.895334964293594,,3.5,4.132078662619345,,7.142857142857143,6.222505662478478,,7.928571428571429,8.25038078325983,,700.6428571428571,555.0432224935089,,84.64285714285714,186.735545682026,,236.10714285714286,290.60477670435193,,299.0,290.47470725616637,,172.46428571428572,165.57452884781102,,30.857142857142858,37.05222968820804,,23.392857142857142,28.652889823508122,,,,,38.8074074074074,22.97945446774852,,395.5357142857143,307.1169981116326,,1147.4642857142858,909.9719361624152,,23.107142857142858,22.73411416989778,,14.428571428571429,12.679609093835928,,7.0,10.413666234542205,,16.214285714285715,20.975041858179473,,12.321428571428571,14.971710536946553,,467.60714285714283,373.8766224785642,,42.32142857142857,50.75945711660525,,13.321428571428571,13.419316015656026,,15.821428571428571,17.05123775550353,,1.7857142857142858,2.7265110368128775,,19.5,33.706247360261145,,45.214285714285715,35.38712586872064,,12.035714285714286,11.714132467703251,,13.464285714285714,13.593250348112294,,40.32222222222222,23.969232414996156
Bournemouth,,1409.6521739130435,946.7328320788122,,2.217391304347826,3.410632062711203,,1.608695652173913,2.0167284586402126,,3.608695652173913,2.96554656061274,,0.043478260869565216,0.20851441405707472,,2.617391304347826,3.4702177261943774,,1.7565217391304346,1.830008963454581,,28.47826086956522,33.227685013906694,,56.82608695652174,50.939047510380696,,56.0,69.68891916614473,,0.1356521739130435,0.18322430582501684,,0.1017391304347826,0.11953136423371534,,0.18478260869565216,0.2047142035578868,,0.13043478260869565,0.14898072666286752,,1.09,0.15588457268119899,,79.86666666666666,4.801388688008223,,15.633333333333333,13.971518648068768,,0.0,,,25.09,17.10992017576507,,0.5543478260869565,0.6596543591289203,,0.057999999999999996,0.05346912537550107,,15.765,4.442293741324466,,478.7391304347826,387.9912390518988,,73.92608695652174,6.721486401581148,,3274.8260869565215,3265.380621725909,,86.81739130434782,7.304584623490863,,81.45652173913044,10.777452308447927,,47.126086956521746,18.176938870980656,,17.130434782608695,16.147908245697412,,46.78260869565217,46.55295764624036,,12.73913043478261,13.525119361948002,,3.782608695652174,5.213239454758262,,56.82608695652174,50.939047510380696,,39.52173913043478,35.50143347325747,,2.62,1.8788971620220587,,3.782608695652174,4.010854836782196,,0.23043478260869565,0.20857695900095716,,27.08695652173913,22.797354398897536,,15.73913043478261,14.203768358190109,,,,,12.73913043478261,10.309824931519305,,17.347826086956523,15.581482878585472,,5.043478260869565,6.643371685505686,,12.304347826086957,11.81076081995758,,13.521739130434783,15.069142357261052,,809.2173913043479,595.094641558019,,84.26086956521739,140.8623497639723,,242.7826086956522,263.0634138070029,,346.17391304347825,307.44794861361385,,230.34782608695653,229.3121351694419,,38.56521739130435,47.16010070827063,,25.91304347826087,31.02332413388684,,,,,43.005,19.095893055286716,,435.4347826086956,325.20382784381366,,1363.3478260869565,1229.297050006283,,28.47826086956522,33.227685013906694,,19.73913043478261,19.214618940475194,,8.91304347826087,15.828377977768746,,22.17391304347826,20.135116709400663,,13.434782608695652,16.527734506130546,,473.8695652173913,350.875697278554,,56.0,69.68891916614473,,19.347826086956523,17.458024192206064,,14.826086956521738,13.12752893008721,,2.652173913043478,4.848698941254748,,31.565217391304348,39.50584086499859,,69.91304347826087,55.65389232771861,,22.304347826086957,20.334553625448606,,23.608695652173914,20.198422824195465,,50.32727272727273,17.984018879686907
Brentford,,1547.6666666666667,1066.34902041186,,2.6666666666666665,5.11207720338155,,1.7619047619047619,2.4475449312476756,,2.2857142857142856,1.5856499343441837,,0.047619047619047616,0.21821789023599236,,2.419047619047619,3.832834336051983,,1.7380952380952381,2.1989716211166055,,24.523809523809526,31.18592478606181,,55.904761904761905,52.115165510535185,,55.285714285714285,73.31039684597462,,0.11142857142857142,0.18738424998611047,,0.0819047619047619,0.09877343001126607,,0.1180952380952381,0.1568636046895215,,0.09380952380952381,0.08169921605965325,,1.385,0.2050609665440988,,61.65,16.475588001646557,,57.8,59.67981233214461,,0.0,,,32.6,16.513782122820928,,0.3138095238095238,0.37354352076399605,,0.0823529411764706,0.08555184186830127,,15.852941176470589,4.31973923504921,,553.8571428571429,426.4507340495835,,76.54285714285714,7.969226526368253,,3875.4285714285716,4922.393082347534,,86.5,7.891134265744056,,81.97142857142858,10.019488153450897,,55.41904761904762,13.44327411933637,,13.619047619047619,16.7405979298118,,45.76190476190476,38.296089567872016,,13.523809523809524,17.89306862340568,,3.7142857142857144,5.04125834631451,,55.904761904761905,52.115165510535185,,32.285714285714285,34.527008062012634,,1.8771428571428572,1.1752027180752385,,4.619047619047619,5.696281159460008,,0.26571428571428574,0.24904962213525697,,25.952380952380953,21.287264245262215,,15.571428571428571,12.484275824297653,,,,,11.285714285714286,9.930472582625951,,19.952380952380953,18.334328977293364,,8.19047619047619,12.131030655385581,,11.761904761904763,9.74630577144367,,12.238095238095237,11.911778884384823,,889.047619047619,639.2070459710591,,138.52380952380952,274.6520742771878,,348.85714285714283,401.44156308412886,,329.7142857142857,263.5502120767773,,218.66666666666666,222.92517429248164,,40.80952380952381,44.29516796177552,,25.714285714285715,32.42243491340966,,,,,43.305263157894736,16.163899202448047,,470.7142857142857,345.33608888402364,,1298.6190476190477,1089.2998887446226,,24.523809523809526,31.18592478606181,,15.19047619047619,18.24724375794615,,8.666666666666666,16.674331570810665,,21.285714285714285,23.82255833688493,,12.047619047619047,12.997985191852582,,545.6190476190476,392.1734917342676,,55.285714285714285,73.31039684597462,,12.428571428571429,10.107281674967945,,14.19047619047619,13.555880818371957,,2.9523809523809526,4.477456761111049,,27.904761904761905,42.8181092084935,,67.33333333333333,53.943797913507474,,26.0,29.816103031751148,,23.095238095238095,23.08225457338334,,54.03809523809524,19.42836782106197
Brighton,,1163.107142857143,848.8878711142406,,1.8214285714285714,2.881017971180421,,1.1785714285714286,1.5408889072021463,,2.5714285714285716,2.5155600426231786,,0.10714285714285714,0.314970394174356,,1.832142857142857,2.586869060155835,,1.2571428571428573,1.3966702655558436,,24.785714285714285,29.44216822588428,,47.214285714285715,48.245788258210524,,46.92857142857143,61.07125684557682,,0.12107142857142858,0.1517878462346385,,0.07857142857142858,0.09830844452309408,,0.13071428571428573,0.12289497387271216,,0.10321428571428572,0.07707877506900045,,1.0899999999999999,0.834386001800126,,69.35,7.99030662740799,,34.7,21.637467504308354,,0.0,,,29.353846153846156,21.643682325689976,,0.4439285714285714,0.6539302221565657,,0.07923076923076923,0.0907710560442293,,17.373076923076923,3.7633557038693746,,489.39285714285717,464.6019673820141,,79.45,8.189130103487907,,2839.5714285714284,3737.7551931069383,,89.57857142857142,6.182254002405964,,81.65357142857144,9.898240851670156,,54.11785714285714,16.088759673470417,,11.285714285714286,9.801198501381965,,36.607142857142854,47.02508336631064,,10.5,10.29023269362209,,2.7857142857142856,3.735288603626359,,47.214285714285715,48.245788258210524,,28.571428571428573,23.203493624928907,,2.5435714285714286,1.3438094394384232,,3.25,2.939198681424733,,0.29714285714285715,0.34210521603152855,,21.25,18.420248520461268,,12.821428571428571,11.132380436361945,,,,,11.142857142857142,8.847323452611658,,13.607142857142858,11.917429767996632,,3.7857142857142856,5.216477759143635,,9.821428571428571,9.7336893824854,,9.857142857142858,9.41910700223629,,733.3214285714286,595.8941649488655,,80.75,185.92065711141603,,235.46428571428572,312.16798447166315,,319.14285714285717,310.6623407287887,,186.96428571428572,173.58538984067053,,32.67857142857143,40.92545488009703,,25.785714285714285,31.371557232222365,,,,,47.181481481481484,20.80942902105524,,428.60714285714283,373.3442795305709,,1293.7857142857142,1407.4780797488625,,24.785714285714285,29.44216822588428,,17.571428571428573,18.080946737398317,,7.642857142857143,14.032275720807437,,17.857142857142858,18.70574141553234,,11.0,11.84780023339229,,483.7142857142857,410.4661178007679,,46.92857142857143,61.07125684557682,,13.821428571428571,12.147408110766833,,13.035714285714286,14.482383021775732,,1.2857142857142858,1.7608319342086856,,21.035714285714285,25.58860009899828,,50.67857142857143,42.27516000489121,,16.464285714285715,17.493876479663232,,14.535714285714286,14.286699701463188,,51.34444444444444,19.621050966389156
Chelsea,,1253.3461538461538,962.005860369164,,2.1538461538461537,3.3904844219351036,,1.6538461538461537,2.115510485765697,,3.6153846153846154,3.2505620815720233,,0.038461538461538464,0.19611613513818402,,2.4076923076923076,3.936284855233226,,1.8538461538461537,2.284772333381297,,29.307692307692307,37.25884510370039,,54.96153846153846,60.636280076687264,,54.23076923076923,72.45042867633438,,0.14692307692307693,0.20685781069651166,,0.13499999999999998,0.18558555978308225,,0.15730769230769232,0.17907669177886198,,0.155,0.1698293260894596,,1.325,0.2474873734152917,,73.75,3.3234018715767655,,21.299999999999997,6.505382386916238,,10.0,14.142135623730951,,29.565217391304348,21.486837592426678,,0.4553846153846154,0.48337340240630344,,0.09434782608695652,0.11934770009424799,,15.095652173913043,4.569113526601449,,618.6153846153846,559.3313920690008,,84.17307692307692,6.483922127373691,,3365.8846153846152,3603.4944298769,,91.18846153846154,5.822530509878119,,88.46153846153847,7.360928035136706,,57.59615384615385,17.913402374071335,,15.961538461538462,20.506546797022207,,51.42307692307692,56.10716394680671,,12.461538461538462,16.509950379648682,,2.6153846153846154,5.146470037428942,,54.96153846153846,60.636280076687264,,37.07692307692308,44.89447456150752,,2.3438461538461537,1.6872298644181873,,3.8461538461538463,4.42440782652149,,0.2561538461538462,0.24560255573714088,,19.115384615384617,22.38093281894555,,11.961538461538462,13.869335295480512,,,,,9.153846153846153,11.191755207088146,,11.846153846153847,12.802163278734755,,3.5,5.270673581241775,,8.346153846153847,9.465483855323225,,9.115384615384615,10.401257320447073,,857.7307692307693,727.1223037532163,,79.65384615384616,168.3859714602597,,256.38461538461536,314.8897047441313,,385.7692307692308,393.3775090360208,,222.57692307692307,248.06372940467102,,38.88461538461539,49.021894637459226,,26.0,31.63162973986639,,,,,38.74166666666667,23.343017141649923,,499.4230769230769,403.3060548096865,,1410.1538461538462,1118.1385492793884,,29.307692307692307,37.25884510370039,,16.76923076923077,18.5586803244362,,10.653846153846153,19.48526070175569,,15.346153846153847,17.921924690595723,,10.307692307692308,11.241954387985144,,613.5,513.9312210792413,,54.23076923076923,72.45042867633438,,14.653846153846153,15.369950703088954,,15.038461538461538,16.244336291103476,,2.076923076923077,3.697816403480053,,22.692307692307693,38.444525468023905,,52.46153846153846,48.260319741361656,,13.538461538461538,16.13004840471539,,13.384615384615385,14.229762958185699,,46.623999999999995,25.994603286066898
Crystal Palace,,1539.2857142857142,1022.7040208612236,,1.7619047619047619,3.1607714549578225,,1.4761904761904763,2.0885173597326796,,3.4285714285714284,3.295017884191656,,0.19047619047619047,0.40237390808147827,,2.3523809523809525,3.259696158788277,,1.8047619047619048,2.020513843178559,,20.61904761904762,21.27551689260731,,47.57142857142857,37.67833784626311,,47.095238095238095,61.06300415300967,,0.08619047619047619,0.12947880870923204,,0.06095238095238095,0.08172544046407837,,0.1380952380952381,0.13673401360374995,,0.10238095238095238,0.07395300953340316,,1.36,,,67.4,,,30.3,,,50.0,,,30.285714285714285,18.020579505506632,,0.5,0.47234521274169805,,0.06380952380952382,0.0898596789709484,,18.19047619047619,5.667530746445471,,490.2857142857143,369.8098353014888,,74.13333333333333,6.948620966302116,,3288.6190476190477,3364.256195300686,,84.44761904761906,6.444115070947993,,79.94761904761906,10.469317983881236,,49.10952380952381,18.21394808277175,,15.047619047619047,15.058141287941849,,36.666666666666664,30.565230791429226,,11.0,11.606032913963324,,2.7142857142857144,3.96412483586046,,47.57142857142857,37.67833784626311,,35.04761904761905,32.83363548326044,,2.2047619047619045,1.4987148462853734,,3.380952380952381,3.138091625115342,,0.1738095238095238,0.16372159877292278,,31.857142857142858,28.597702205397052,,18.666666666666668,17.689921801221544,,,,,13.857142857142858,9.691675367477568,,20.047619047619047,17.448427409013657,,5.761904761904762,6.752071992394349,,14.285714285714286,12.442438897349897,,13.285714285714286,13.546744469217897,,838.952380952381,586.6166956531732,,104.95238095238095,206.99431784241716,,314.9047619047619,348.80379940045157,,348.57142857142856,256.43879804518104,,183.47619047619048,173.75460254267196,,31.38095238095238,33.45216912320662,,19.904761904761905,27.962304557930775,,,,,48.485,26.44420690713504,,418.42857142857144,295.0163675846768,,1028.2380952380952,753.2046139504127,,20.61904761904762,21.27551689260731,,14.619047619047619,13.384603806150523,,5.095238095238095,7.245031137992175,,20.523809523809526,20.350968152938197,,14.19047619047619,14.11601589549632,,485.76190476190476,331.3354651651261,,47.095238095238095,61.06300415300967,,17.333333333333332,15.761768090329628,,17.047619047619047,14.7427141004504,,3.0952380952380953,4.918381460447755,,24.476190476190474,30.393451675680154,,69.23809523809524,51.414885745185465,,21.238095238095237,21.205906634484556,,27.095238095238095,24.663545491078047,,40.614285714285714,19.0443242388457
Everton,,1476.5,874.8239959040469,,1.4090909090909092,1.967814618376023,,0.9090909090909091,1.1087999050492516,,3.227272727272727,2.223935126276719,,0.09090909090909091,0.29424494316824984,,1.65,1.9466087727855625,,1.268181818181818,1.1132904312961576,,19.09090909090909,19.600556578368334,,39.95454545454545,33.462811302395686,,39.22727272727273,39.18203161822523,,0.09409090909090909,0.12730387683129316,,0.060000000000000005,0.08228869042236954,,0.1159090909090909,0.1262898816181811,,0.08454545454545453,0.07424074562993228,,1.21,,,70.8,,,30.3,,,100.0,,,32.39047619047619,23.234713356568545,,0.3740909090909091,0.3939018380366586,,0.08095238095238096,0.1047332211814743,,17.29047619047619,5.333657728229734,,436.1363636363636,320.48539012158614,,73.99545454545455,7.817774453295349,,3304.5454545454545,4695.280383405008,,85.3,7.781479844568682,,79.60454545454546,12.267202780962906,,56.74090909090909,15.557287653514642,,11.954545454545455,9.824542993017285,,39.04545454545455,33.2629885447235,,10.272727272727273,9.779384624625601,,3.409090909090909,4.924758547710411,,39.95454545454545,33.462811302395686,,28.181818181818183,19.283934501810823,,1.9195454545454547,1.1438343089831353,,2.3636363636363638,2.059714602177749,,0.16045454545454546,0.15911892146703097,,29.272727272727273,27.544218679860617,,17.0,16.43747170919166,,,,,12.181818181818182,10.581368907913946,,15.636363636363637,14.062938304857694,,5.7272727272727275,9.238541516421808,,9.909090909090908,8.193546187957882,,13.227272727272727,12.52020012840894,,754.8636363636364,489.4364393243807,,96.4090909090909,207.24994321118393,,273.5,342.80922780267554,,301.40909090909093,220.23205490722282,,188.22727272727272,137.64859739073393,,28.681818181818183,25.181978370097028,,25.772727272727273,29.187296353007213,,,,,44.195238095238096,20.244961748308544,,363.8636363636364,232.35795362913362,,967.0909090909091,767.0617352128221,,19.09090909090909,19.600556578368334,,13.954545454545455,10.71926291321364,,4.954545454545454,6.958908457970039,,20.272727272727273,19.03425938414811,,15.318181818181818,13.439055960454407,,432.1363636363636,262.82681160877195,,39.22727272727273,39.18203161822523,,17.272727272727273,13.431242250747635,,14.545454545454545,12.070141328431564,,3.4545454545454546,6.261958256976903,,26.545454545454547,34.69695646420285,,60.18181818181818,45.52198460360755,,24.363636363636363,28.46643044601241,,22.136363636363637,22.28451406469451,,48.722727272727276,18.24223074856753
Fulham,,1478.5,920.9341918477593,,2.1363636363636362,3.1966568033829836,,1.8181818181818181,2.422835089338494,,3.1363636363636362,2.9648007167503336,,0.09090909090909091,0.29424494316824984,,1.9636363636363638,2.541942537012169,,1.5,1.771466973470078,,30.818181818181817,34.596499084701456,,60.63636363636363,47.08102990189761,,59.63636363636363,69.83623391262996,,0.1690909090909091,0.25313104249642054,,0.11136363636363637,0.1369148311749717,,0.14636363636363636,0.15579429216714416,,0.09636363636363637,0.07569018647753703,,1.36,,,68.4,,,15.2,,,0.0,,,29.728571428571428,19.090289229268972,,0.5513636363636364,0.6255077591125122,,0.07476190476190477,0.09091859257704374,,16.557142857142857,4.365841434199303,,638.0454545454545,482.20984142677054,,80.23636363636363,7.892826487178717,,3865.8636363636365,4142.323839349514,,88.36818181818181,6.7403113085966995,,84.72727272727273,8.98634847279243,,58.25,12.627813217919671,,15.090909090909092,16.206727265490976,,52.5,45.034114053364355,,12.590909090909092,17.77279647023209,,3.8181818181818183,6.4559781350043055,,60.63636363636363,47.08102990189761,,35.40909090909091,30.64801569108293,,2.4263636363636363,1.6231320265947489,,3.9545454545454546,4.122843132819329,,0.23636363636363636,0.21649910270451808,,26.363636363636363,21.796778823935593,,16.136363636363637,13.853985001901092,,,,,10.863636363636363,10.855305722901697,,14.681818181818182,10.824955135225904,,4.318181818181818,5.643254410915775,,10.363636363636363,8.062526217280103,,12.363636363636363,13.520867309971385,,942.5,658.7650603681898,,104.27272727272727,225.87252659054897,,318.8181818181818,378.45269395056704,,390.8636363636364,306.8372137756041,,242.86363636363637,218.57292461927523,,36.22727272727273,35.616919224786066,,25.40909090909091,25.576512832245303,,,,,38.01904761904762,17.24153760682669,,558.6363636363636,400.5026063115417,,1490.5,1199.6512489251277,,30.818181818181817,34.596499084701456,,21.5,22.3814336321106,,8.954545454545455,11.07755032541587,,20.045454545454547,17.572915503904277,,11.318181818181818,11.527963367132088,,631.6363636363636,436.66654439706156,,59.63636363636363,69.83623391262996,,16.636363636363637,12.863923176096765,,14.272727272727273,10.691259528373179,,1.6818181818181819,3.029794329596265,,34.40909090909091,48.72533230936459,,63.81818181818182,43.32340878691044,,20.90909090909091,20.96915896514755,,21.09090909090909,19.861206722340224,,45.97727272727273,20.971066957850507
Ipswich Town,,1082.5666666666666,770.003613217377,,1.0666666666666667,2.2884015402012388,,0.8,1.0635010497214474,,2.7,2.365703219792781,,0.13333333333333333,0.3457459036417604,,1.0333333333333334,1.7044229144388923,,0.7,0.958087174782524,,14.533333333333333,17.705898750831956,,26.733333333333334,24.95089430134282,,26.366666666666667,34.74883608403888,,0.08600000000000001,0.13755500467211226,,0.07233333333333333,0.11854530149165392,,0.093,0.11429393443344166,,0.059000000000000004,0.06143962553765197,,2.313333333333333,0.4340890845590722,,62.76666666666667,6.453164598345011,,7.433333333333333,8.499607834090543,,0.0,0.0,,28.679166666666664,24.326993044347056,,0.301,0.3900340391865022,,0.06958333333333334,0.07177738330158873,,16.591666666666665,5.240802848109593,,331.8333333333333,300.69460774419747,,75.08666666666666,8.39321291213953,,2254.0,2440.6373107773757,,87.01333333333334,7.469142651872634,,81.47333333333333,11.472032959762842,,48.267857142857146,13.87716092138789,,7.933333333333334,10.891101503246722,,24.9,27.464522570035694,,4.766666666666667,5.911317802395633,,1.4333333333333333,2.750339581959281,,26.733333333333334,24.95089430134282,,18.466666666666665,20.488404345963065,,1.5703333333333334,1.264067008626857,,1.7333333333333334,2.0160277319749236,,0.14,0.16573764061685378,,17.366666666666667,15.78188252687093,,9.8,8.891685383858182,,,,,9.4,9.456251353214572,,12.766666666666667,13.291644596962183,,5.433333333333334,9.088390978314735,,7.333333333333333,7.396799556440672,,9.5,9.416603092044573,,552.1,451.87077417301964,,87.63333333333334,127.85565226493492,,225.06666666666666,241.480338791771,,218.13333333333333,206.68378868635807,,115.03333333333333,119.85579937440725,,17.033333333333335,20.59206967095181,,17.9,25.603542319576498,,,,,45.38181818181818,10.187697359520326,,275.6666666666667,218.3006995002509,,744.7666666666667,596.9637939308948,,14.533333333333333,17.705898750831956,,9.666666666666666,10.557995281672374,,4.3,7.419220146767913,,15.866666666666667,19.73572523559022,,10.166666666666666,13.73413400188047,,328.73333333333335,274.0835429312514,,26.366666666666667,34.74883608403888,,12.6,14.199562887881322,,11.566666666666666,11.162385523476273,,1.5,2.776129779337439,,14.533333333333333,28.582286935036908,,42.166666666666664,34.70276082958534,,15.7,20.83787996364578,,15.633333333333333,16.793848079976588,,52.620000000000005,26.483975636547495
Leicester City,,1254.4615384615386,793.3058542967766,,1.0384615384615385,1.7995725988304938,,0.8076923076923077,1.132050556087696,,2.923076923076923,2.4645174281887625,,0.0,0.0,,1.080769230769231,1.942373647014236,,0.8576923076923078,1.0488748550415639,,19.96153846153846,22.102453744742043,,36.61538461538461,33.6274613053997,,36.15384615384615,39.10774072501996,,0.05961538461538462,0.09236799312449175,,0.05923076923076923,0.08970721607197837,,0.06576923076923077,0.08381756746282139,,0.06576923076923077,0.08010858016083305,,2.72,1.1113955191559843,,54.63333333333333,13.108139964668267,,1.2666666666666666,2.1939310229205775,,25.0,,,31.90952380952381,18.055522832693182,,0.27615384615384614,0.27336535147054647,,0.06,0.073824115301167,,18.34285714285714,5.700927242876497,,467.5769230769231,353.8865550514089,,77.81923076923077,8.364832059558363,,2822.6923076923076,2793.933854180958,,88.66538461538462,6.950852742372969,,84.21538461538461,9.134536323544499,,54.534615384615385,18.482011628774444,,8.423076923076923,8.565853498271272,,33.11538461538461,30.767940357556498,,7.423076923076923,8.178865823196157,,2.3461538461538463,3.938957300528227,,36.61538461538461,33.6274613053997,,19.423076923076923,17.808252192560786,,1.341923076923077,0.9862211485494283,,1.8076923076923077,2.349795408442714,,0.12384615384615386,0.15289413129553203,,24.53846153846154,21.46295556391201,,14.26923076923077,12.616045948894422,,,,,12.23076923076923,11.738169166638185,,16.653846153846153,13.404304704660538,,6.384615384615385,7.704943468069954,,10.26923076923077,8.36448536280717,,11.038461538461538,11.549825173502045,,731.1923076923077,502.17184462936746,,96.46153846153847,160.33246228240387,,267.7692307692308,271.10312542533444,,332.03846153846155,265.5708539383388,,138.65384615384616,130.23177563335065,,21.307692307692307,23.393621747423776,,21.653846153846153,26.069050320550318,,,,,48.47083333333333,25.164959751117472,,414.2307692307692,274.4060214634231,,1038.6153846153845,722.4724258778642,,19.96153846153846,22.102453744742043,,12.5,12.143310915891101,,4.6923076923076925,6.130378329396845,,16.653846153846153,15.369950703088955,,10.923076923076923,12.243930992693734,,463.34615384615387,313.0999766601962,,36.15384615384615,39.10774072501996,,13.346153846153847,10.240868352604899,,12.73076923076923,10.996572892706864,,2.1153846153846154,4.528372096698089,,21.5,26.836169622358558,,50.23076923076923,36.64129658438161,,17.153846153846153,16.17576534867468,,19.0,16.899704139422088,,49.73333333333333,20.247848338004722
Liverpool,,1549.2380952380952,945.4482484389034,,3.5714285714285716,6.209439818304293,,2.6666666666666665,3.928528138289623,,2.857142857142857,2.308369863902106,,0.09523809523809523,0.30079260375911915,,3.5238095238095237,5.410259213929103,,2.538095238095238,2.9508433015794298,,34.23809523809524,35.53435627938793,,79.57142857142857,65.63045895662427,,78.80952380952381,104.57371517146126,,0.16523809523809524,0.23595802693739934,,0.14666666666666667,0.15166849815743985,,0.18619047619047618,0.21143500633708198,,0.1376190476190476,0.12074372703808517,,1.015,0.26162950903902266,,69.85,3.181980515339464,,39.55,0.6363961030678943,,100.0,,,32.09444444444445,14.871784268212792,,0.5109523809523809,0.4610412645512846,,0.07333333333333333,0.06816933932149712,,15.355555555555554,3.9389789991259865,,756.0952380952381,609.8724378722083,,82.77142857142857,7.601061955881091,,4316.476190476191,4253.54471728049,,91.25238095238095,5.947320324954681,,86.58095238095238,9.867199149080708,,60.38095238095238,15.11216791355956,,21.047619047619047,21.40905460424675,,66.0,68.77717644684172,,18.38095238095238,22.301291869477406,,3.5714285714285716,5.775564289066728,,79.57142857142857,65.63045895662427,,47.904761904761905,43.52689371170973,,2.6204761904761904,1.5328257441420932,,6.238095238095238,6.171748228053068,,0.35,0.2692953768633988,,27.142857142857142,22.77780874949501,,16.666666666666668,14.11854572303158,,,,,12.952380952380953,13.377130448927344,,14.80952380952381,14.316490658045524,,3.857142857142857,4.452928410447604,,10.952380952380953,12.463852496223591,,12.619047619047619,15.622023526023092,,1070.5238095238096,788.2621149749376,,95.0,144.88340139574305,,290.5238095238095,306.73532875226795,,484.0952380952381,452.09334265856035,,305.3333333333333,275.125486520848,,54.142857142857146,70.26256877903464,,27.666666666666668,34.40833232421085,,,,,38.04,19.69617649243255,,616.2380952380952,441.3363688573495,,1677.2857142857142,1201.31312083308,,34.23809523809524,35.53435627938793,,23.19047619047619,20.93470574815669,,13.380952380952381,25.281369010550417,,22.0,24.130893062628246,,14.095238095238095,15.38474816792515,,747.8095238095239,549.4712566684102,,78.80952380952381,104.57371517146126,,17.761904761904763,15.946487895159743,,14.761904761904763,12.988089782199543,,2.5714285714285716,4.249369701160733,,30.238095238095237,43.21678465816813,,66.71428571428571,47.201846210866435,,17.476190476190474,25.40987809419606,,15.571428571428571,12.773298041506072,,50.65238095238095,21.99176252708316
Manchester City,,1341.76,744.1720388010647,,2.6,4.406434688800762,,1.88,2.5053276565484737,,2.32,1.74928556845359,,0.04,0.2,,2.488,4.173459795741018,,1.98,2.2128413107737,,40.6,43.51628047830682,,68.12,58.25541462673949,,67.44,75.38737736960125,,0.1832,0.2525819998865055,,0.10279999999999999,0.14099408971064473,,0.1632,0.2217678966847997,,0.1184,0.12528899925106488,,1.31,0.22627416997969516,,68.25,0.3535533905932738,,28.4,4.808326112068523,,0.0,0.0,,31.472727272727273,21.20083515466811,,0.46880000000000005,0.5252802426641738,,0.13636363636363635,0.21346451594375015,,17.022727272727273,4.803662473589621,,767.4,566.2155802636778,,86.56,6.8785899717892764,,3503.88,3133.640897848167,,92.22,6.04944901072266,,89.57600000000001,7.810744736152457,,59.48,12.249727888134224,,16.92,16.484639314626612,,59.68,61.61758407035013,,15.24,15.476541387963055,,2.28,3.062134331910778,,68.12,58.25541462673949,,39.04,33.14045865705543,,2.4212000000000002,1.7581318683951632,,4.56,4.426059195266145,,0.2812,0.23896164266816267,,17.68,16.082392027721912,,10.8,10.452272480183433,,,,,8.52,8.211374225223613,,12.04,9.30716569817758,,3.2,4.699290726623894,,8.84,6.792643079096678,,8.0,8.286535263104035,,999.92,669.4106811218356,,76.04,134.04647204110472,,233.8,232.75452018525158,,430.8,377.22782682794406,,343.44,270.0513963427456,,47.12,50.6880327756628,,28.44,39.16320552082868,,,,,37.221739130434784,23.45246559090302,,643.16,445.90990121323836,,1992.48,1515.377514020846,,40.6,43.51628047830682,,30.28,26.943644890771555,,14.0,22.04729764241716,,16.68,14.85967698168436,,14.28,13.879000924658325,,757.16,520.5572078712067,,67.44,75.38737736960125,,10.36,7.9732887401205605,,13.44,11.165721353022084,,1.68,2.461706725018234,,22.96,30.957605419885653,,51.72,34.66929477217557,,10.96,13.408579343092242,,11.72,10.979222801880528,,45.132,20.98643847821731
Manchester Utd,,1238.3846153846155,895.7546573442116,,1.3846153846153846,2.192294196989502,,0.9230769230769231,2.0961503175693657,,2.8076923076923075,2.4003204914216063,,0.11538461538461539,0.4314554973040048,,1.6961538461538461,2.2532608848920748,,1.2384615384615385,1.594509811340632,,22.384615384615383,31.384170434251622,,46.23076923076923,55.31459676599493,,45.96153846153846,64.3201248563656,,0.07461538461538461,0.11409577623140196,,0.04307692307692308,0.08803495809139597,,0.12576923076923077,0.15001794764422227,,0.08115384615384615,0.07606980599827624,,1.31,,,69.5,,,28.1,,,25.0,,,27.30454545454546,16.151853123012213,,0.3873076923076923,0.4634182360875126,,0.054090909090909085,0.06828923717116712,,16.172727272727272,6.046028355413069,,551.8076923076923,460.2912138401748,,82.64615384615385,5.946644820012763,,2926.9615384615386,3328.444567431091,,89.62307692307692,4.615392307685896,,84.73461538461538,9.20095396391884,,58.70769230769231,17.503049404647705,,12.76923076923077,16.560936428373108,,37.03846153846154,40.188038786913474,,10.423076923076923,13.700140369859213,,2.3076923076923075,2.796701353655492,,46.23076923076923,55.31459676599493,,29.846153846153847,34.76284488668015,,2.2169230769230768,1.3847361314872062,,2.269230769230769,3.873579143972069,,0.12538461538461537,0.206324613543431,,27.46153846153846,27.577136572502624,,16.46153846153846,16.750476457058216,,,,,10.884615384615385,12.10066749589269,,12.538461538461538,10.819355874471528,,3.6538461538461537,5.0115251785643675,,8.884615384615385,8.247796908638927,,12.653846153846153,12.862168736857116,,812.4615384615385,650.842913813724,,83.11538461538461,189.86570557593112,,284.65384615384613,321.69400893491223,,344.88461538461536,303.3928577831821,,190.53846153846155,215.94429481127406,,31.0,36.41647978594307,,21.0,25.12050954897213,,,,,46.125,24.569674662955517,,495.4230769230769,395.3448290368218,,1236.6538461538462,1093.2811145284709,,22.384615384615383,31.384170434251622,,15.538461538461538,17.94041419640197,,7.653846153846154,15.569052142483963,,16.615384615384617,17.42659329433478,,12.26923076923077,13.829122003388912,,546.1923076923077,431.1434117999039,,45.96153846153846,64.3201248563656,,13.576923076923077,11.27181645316522,,12.23076923076923,11.100658331135834,,2.3076923076923075,3.095406025312102,,20.576923076923077,35.55634748049701,,57.07692307692308,50.86210619069806,,15.807692307692308,16.08979609757496,,16.307692307692307,17.9215383955044,,49.908,23.44896799434892
Newcastle Utd,,1477.090909090909,974.924852248863,,2.727272727272727,4.958703922270878,,2.090909090909091,2.8769873612958885,,2.6363636363636362,2.9365586361209655,,0.045454545454545456,0.21320071635561041,,2.5272727272727273,4.055587775870743,,1.8409090909090908,2.230664878655196,,29.09090909090909,31.625651268895922,,59.77272727272727,57.11136307432867,,59.04545454545455,66.31345282801993,,0.13363636363636364,0.2196435522461109,,0.10681818181818183,0.13321612813971434,,0.145,0.1640194529693992,,0.09727272727272727,0.09492763249578813,,1.295,0.134350288425444,,70.6,0.14142135623730648,,38.05,16.899852070358484,,50.0,,,22.915,17.928491732141712,,0.35727272727272724,0.42538701502762466,,0.0745,0.09970878649980232,,15.680000000000001,3.71803570096956,,598.8181818181819,487.79666298118974,,80.25454545454545,5.841373556077799,,3567.818181818182,3310.8732646979674,,88.65454545454546,5.372392148996329,,86.74545454545455,8.308614420772793,,53.457142857142856,12.570981323213054,,15.181818181818182,15.828354195455589,,43.36363636363637,44.76982982252292,,14.227272727272727,16.78698991192377,,2.727272727272727,4.452733972161354,,59.77272727272727,57.11136307432867,,35.5,33.09977700975095,,2.058181818181818,1.40339600481131,,4.7272727272727275,5.257029925382168,,0.22954545454545452,0.21455329613668697,,24.318181818181817,20.961157646230557,,15.090909090909092,13.233827833782604,,,,,11.5,10.671501880286224,,17.09090909090909,13.426729172700858,,5.7272727272727275,7.031776976404147,,11.363636363636363,9.771413381927891,,11.0,11.567606658662102,,900.5909090909091,681.5678465400414,,92.63636363636364,141.86531018457697,,301.90909090909093,328.58048359440676,,379.09090909090907,331.35679361577104,,228.63636363636363,210.4438722714999,,40.59090909090909,43.87390925618452,,26.5,29.94558557180165,,,,,44.14,17.04861161193887,,515.1818181818181,400.1859849005491,,1400.4545454545455,1061.5292530017034,,29.09090909090909,31.625651268895922,,18.0,16.60751407675224,,10.363636363636363,15.42275824427887,,18.5,16.936154620613657,,18.045454545454547,20.362143382190467,,594.0,468.3000666036173,,59.04545454545455,66.31345282801993,,15.590909090909092,16.36680464758758,,18.0,23.593784492248517,,2.9545454545454546,4.336745243539134,,25.818181818181817,36.969274711945225,,66.18181818181819,55.833627317181715,,18.40909090909091,27.01262331173739,,17.863636363636363,19.039546449543618,,48.42272727272727,23.87489081138197
Nott'ham Forest,,1482.6818181818182,1036.3232804286708,,2.3636363636363638,4.169566090767886,,1.7272727272727273,2.47235800655045,,3.227272727272727,2.7762910884473566,,0.09090909090909091,0.2942449431682498,,1.8454545454545455,2.4839920390807313,,1.3454545454545455,1.3803820288074404,,24.681818181818183,32.424838162589644,,42.54545454545455,40.25599898829309,,42.22727272727273,54.23663479708668,,0.12227272727272727,0.16925415710395328,,0.09681818181818182,0.11651226641477809,,0.11363636363636363,0.1360513017576705,,0.08818181818181818,0.08633469553823454,,1.18,,,74.7,,,39.4,,,0.0,,,39.085,26.29779408399515,,0.43681818181818177,0.4309832210150841,,0.0815,0.08671034661749609,,19.185,6.342278770284383,,412.77272727272725,318.25909358469346,,73.65454545454544,8.494408652459475,,2878.4545454545455,3468.3700951431233,,86.23181818181818,7.789943844998184,,77.44090909090909,11.90660717300669,,45.00909090909091,15.177894611851965,,13.318181818181818,14.370559732069832,,36.31818181818182,34.834829811057894,,9.136363636363637,9.982343720148398,,2.272727272727273,3.165014378690248,,42.54545454545455,40.25599898829309,,31.5,30.68852740497195,,1.9263636363636365,1.336097891532494,,3.772727272727273,4.859275060392663,,0.21818181818181817,0.228632297090169,,27.772727272727273,24.89010478116386,,16.863636363636363,15.532747141643481,,,,,12.727272727272727,13.155414667160251,,17.363636363636363,17.597471286267115,,6.409090909090909,9.776838961882316,,10.954545454545455,10.260777250459626,,12.681818181818182,10.620673297804677,,734.9545454545455,528.1729043439439,,99.22727272727273,168.15297225420096,,254.54545454545453,273.1379779129131,,292.5,246.09459079599375,,197.3181818181818,193.8264777144842,,30.318181818181817,29.69750087871972,,24.09090909090909,26.958361351410936,,,,,39.12222222222223,22.38837817092125,,335.0,254.3666270413258,,1032.4545454545455,956.1134485022823,,24.681818181818183,32.424838162589644,,15.727272727272727,17.271451308533116,,7.363636363636363,11.826304235113854,,22.363636363636363,22.440493701693768,,12.545454545454545,12.350929298860654,,409.59090909090907,309.69964852155107,,42.22727272727273,54.23663479708668,,15.818181818181818,13.029769444425783,,16.454545454545453,16.064534355818225,,3.5454545454545454,5.771252836894196,,22.545454545454547,34.74495821284179,,61.86363636363637,50.62965012580545,,22.454545454545453,24.7746553918223,,21.90909090909091,24.863262420322442,,50.32272727272727,20.712382581629573
Southampton,,1117.2068965517242,800.3252633108592,,0.7931034482758621,1.081642611455492,,0.4827586206896552,0.8289705171033535,,2.7241379310344827,2.8895940362932095,,0.10344827586206896,0.4092525928189875,,1.0241379310344827,1.3694772653445426,,0.7724137931034484,0.8688648389562006,,19.82758620689655,26.015200179781218,,34.93103448275862,37.726393787073526,,33.89655172413793,36.666786087281274,,0.05172413793103448,0.08062563246782897,,0.042413793103448276,0.09803990340722762,,0.07689655172413792,0.08932698553532178,,0.054137931034482764,0.05760191225616128,,2.4166666666666665,0.15885003409925147,,67.66666666666667,2.650157228040128,,2.6666666666666665,4.618802153517007,,14.3,20.22325394193526,,25.164,21.984897846779578,,0.21448275862068963,0.28439894272076627,,0.0616,0.09026257991733526,,17.387999999999998,5.97789818135661,,476.6896551724138,455.15806543663456,,81.10000000000001,7.90750095975786,,2604.6206896551726,3454.0607200986037,,89.96896551724137,6.597786611988895,,85.56896551724138,10.913003496755467,,53.44642857142857,17.008178471565813,,8.413793103448276,8.65413708407434,,30.896551724137932,37.85531178767218,,6.689655172413793,7.521889239678431,,1.793103448275862,2.5548177226681186,,34.93103448275862,37.726393787073526,,19.17241379310345,18.943655111026416,,1.4341379310344828,0.8362608839410416,,1.3103448275862069,1.85363442758625,,0.10655172413793103,0.14152929686789653,,19.689655172413794,18.520458665015873,,11.379310344827585,10.83781011453964,,,,,9.068965517241379,6.808246231502535,,12.586206896551724,14.03444039644543,,5.517241379310345,8.74896193701684,,7.068965517241379,7.5447760284979335,,9.241379310344827,11.867287487681038,,690.8620689655172,599.7934599354022,,88.37931034482759,159.42517586475287,,251.41379310344828,302.12550812551154,,298.2068965517241,291.77136098938166,,147.3448275862069,143.72525274238367,,20.862068965517242,19.931533053235437,,21.724137931034484,30.539080994363523,,,,,42.400000000000006,28.07024046922292,,386.86206896551727,341.60918816452175,,1051.448275862069,1067.0744245769397,,19.82758620689655,26.015200179781218,,14.758620689655173,18.064675815393723,,4.931034482758621,7.284675865339114,,13.931034482758621,14.389805504698604,,10.620689655172415,13.159498994760533,,471.62068965517244,412.8048149803197,,33.89655172413793,36.666786087281274,,14.0,12.764347669527472,,12.862068965517242,14.576703864951858,,1.4482758620689655,2.599260978714523,,16.82758620689655,25.58608573524351,,43.89655172413793,41.67677053192153,,13.655172413793103,20.142839674380156,,11.689655172413794,12.775823843371015,,54.51379310344828,22.94566134118249
Tottenham,,1204.4444444444443,686.1825465424541,,2.1481481481481484,3.2070079957649447,,1.6296296296296295,2.322931638256149,,2.3333333333333335,2.3533936216582085,,0.037037037037037035,0.19245008972987523,,2.0592592592592593,2.89525596839159,,1.5407407407407407,2.0130839829741634,,28.48148148148148,28.582364614418573,,55.55555555555556,46.50172315527949,,55.18518518518518,68.93309857950737,,0.14074074074074072,0.22324401836979135,,0.11703703703703704,0.15617580859686045,,0.14962962962962964,0.19083785871542447,,0.11037037037037037,0.11209479098174976,,1.7266666666666666,0.42548012096140686,,64.63333333333333,7.2196491142806485,,19.433333333333334,5.363145843004208,,0.0,,,33.36666666666667,19.604118171327226,,0.4248148148148148,0.43214465500455157,,0.07416666666666667,0.08657324954182953,,16.183333333333334,4.998840445253424,,560.925925925926,367.00041143614806,,81.26666666666667,8.382903847896436,,3131.074074074074,2483.3589214536696,,89.77777777777777,6.645781387949069,,84.88148148148149,11.080163739314884,,55.87407407407407,15.304338062548265,,13.222222222222221,17.495787038672024,,44.18518518518518,39.20266576202443,,13.11111111111111,16.597806466132187,,3.0,5.08391127441794,,55.55555555555556,46.50172315527949,,30.555555555555557,36.27918807221968,,2.0237037037037036,1.5463732959316034,,3.7037037037037037,4.504824890431069,,0.2577777777777778,0.2626687491782602,,21.88888888888889,20.239590550231636,,13.962962962962964,13.715464268990681,,,,,9.777777777777779,8.459556877526303,,13.851851851851851,11.498172776923175,,4.666666666666667,4.8357641986159114,,9.185185185185185,8.593544254206341,,10.148148148148149,10.505323572447606,,811.2962962962963,510.72390665790147,,80.85185185185185,108.60893280435216,,259.1111111111111,217.95824111924483,,344.0,255.58183997122512,,216.1851851851852,226.0639863532578,,34.96296296296296,41.93629003205245,,26.962962962962962,28.465203429236304,,,,,43.66153846153846,24.48939487897693,,510.0,308.74522730661823,,1414.7777777777778,855.0091917334679,,28.48148148148148,28.582364614418573,,19.185185185185187,16.78606802595771,,8.444444444444445,11.754977123733045,,17.40740740740741,17.475827831738286,,13.962962962962964,15.926469214876898,,556.5925925925926,338.47613928620854,,55.18518518518518,68.93309857950737,,14.185185185185185,12.579094491799408,,15.74074074074074,15.05015357088168,,1.9259259259259258,2.88131815355304,,26.0,42.39738743765306,,54.7037037037037,40.287252054001875,,13.407407407407407,13.316442292430635,,13.88888888888889,13.223909969135255,,50.2,23.112600625899024
West Ham,,1302.32,849.2039272165432,,1.36,2.325224003546038,,0.84,1.1430952132988166,,2.84,2.5442746183015177,,0.12,0.33166247903553997,,1.692,2.102561929329709,,1.18,1.2315302134607444,,21.76,28.29793867640068,,42.24,38.045236232674384,,41.92,53.65547502352392,,0.0868,0.13477512134416103,,0.07519999999999999,0.13847743498491008,,0.1408,0.16291408778862554,,0.10439999999999999,0.1015332457867865,,1.67,0.014142135623730963,,68.69999999999999,8.343860018001264,,17.85,1.626345596729061,,0.0,,,24.452173913043477,14.178853318337307,,0.3924,0.4162559308886782,,0.04782608695652174,0.06508431746163311,,17.713043478260868,5.58108040598088,,501.36,378.7943461387282,,78.524,7.75409999075758,,3127.24,2920.706653648508,,88.58,7.120451764693959,,83.26799999999999,10.519138114249982,,52.644,19.060300802103484,,11.56,11.438531374263045,,37.16,31.580162549718878,,9.4,11.503622617824933,,2.52,3.417113791881486,,42.24,38.045236232674384,,28.6,28.483913588784343,,2.2192,1.4824976672269448,,2.04,2.668957349478131,,0.1324,0.16452659359507812,,22.16,19.507861663100513,,13.24,11.741237867732119,,,,,8.8,7.182153808805082,,15.96,12.898578733074949,,6.08,8.041144197189851,,9.88,7.628455501170163,,11.68,14.132468527000746,,781.0,554.2746010177025,,101.96,166.02346219736535,,287.76,293.4575892129332,,332.88,267.76362710420545,,167.84,172.133107410128,,29.2,36.74801581945162,,27.04,41.789631887985486,,,,,36.65416666666667,22.99625639035655,,394.6,291.69904582177384,,1025.76,879.0222920950298,,21.76,28.29793867640068,,13.88,15.690549172458347,,6.12,12.275721295847887,,17.12,18.45562244954095,,13.88,21.09960505159595,,497.68,361.62915166415075,,41.92,53.65547502352392,,15.2,13.272779161376365,,14.32,16.35471389742623,,2.56,3.9799497484264794,,21.08,25.630255558616657,,54.12,45.58811979745016,,20.4,25.60110674690972,,19.56,18.21647605877712,,51.088,16.531215926240876
Wolves,,1409.1304347826087,817.2571256869933,,2.0434782608695654,3.6739656660637174,,1.565217391304348,1.973139790387662,,3.1739130434782608,2.7077695268018434,,0.08695652173913043,0.2881040655200304,,1.6695652173913043,2.3064011286001196,,1.3217391304347827,1.6838690625351027,,22.217391304347824,25.75224001155333,,43.65217391304348,38.717635981144035,,43.0,45.43927016059207,,0.11782608695652173,0.16247955176908574,,0.1008695652173913,0.13187159882656727,,0.11217391304347826,0.12250998184708833,,0.0791304347826087,0.07757184608057119,,2.095,0.4737615433949869,,61.5,0.0,,12.0,16.97056274847714,,10.0,14.142135623730951,,31.642857142857142,17.157172594240908,,0.3573913043478261,0.4095587136430485,,0.09571428571428571,0.11129112402035611,,17.59047619047619,4.84488439097413,,524.0434782608696,377.71255042821673,,77.48695652173913,8.996883518390035,,3061.5652173913045,2297.374664225687,,88.1304347826087,7.0549424830210485,,84.38695652173914,9.846610138788696,,51.165217391304346,18.963376394217743,,11.521739130434783,11.731347148936212,,37.47826086956522,31.787461171773934,,10.173913043478262,11.718874340578818,,2.4782608695652173,2.9980230640357184,,43.65217391304348,38.717635981144035,,27.608695652173914,25.67584491029862,,1.768695652173913,1.04001881253888,,3.652173913043478,3.6755790595394493,,0.2504347826086956,0.23503342626624538,,29.91304347826087,25.91228743890059,,17.52173913043478,16.141053151450333,,,,,11.391304347826088,12.459896141529732,,17.0,12.079283542871691,,5.6521739130434785,5.796618886371088,,11.347826086956522,9.952654719640355,,11.695652173913043,9.368393587962258,,819.1739130434783,527.8644499020139,,97.0,138.33654614742989,,287.60869565217394,232.6157071086901,,369.5217391304348,292.2268529701505,,172.2608695652174,175.31043048139813,,26.52173913043478,29.438486814523152,,26.565217391304348,32.411875050184534,,,,,42.404761904761905,23.111976899228594,,449.4347826086956,283.0243847648847,,1248.0434782608695,850.7779583342248,,22.217391304347824,25.75224001155333,,17.043478260869566,20.33912097159642,,5.391304347826087,7.981450827528349,,21.869565217391305,21.97789043525765,,13.521739130434783,14.311056009626682,,519.9565217391304,338.8892924970778,,43.0,45.43927016059207,,19.0,17.0,,15.869565217391305,15.557238443380294,,2.4782608695652173,3.3010957577115247,,20.391304347826086,28.725565316748746,,62.130434782608695,47.677233320266176,,16.82608695652174,16.425180707219695,,18.391304347826086,19.220583498934822,,46.5,24.037073638255325
