,Median of Playing Time: matches played,Mean of Playing Time: matches played,Std of Playing Time: matches played,Median of Playing Time: starts,Mean of Playing Time: starts,Std of Playing Time: starts,Median of Playing Time: minutes,Mean of Playing Time: minutes,Std of Playing Time: minutes,Median of Performance: goals,Mean of Performance: goals,Std of Performance: goals,Median of Performance: assists,Mean of Performance: assists,Std of Performance: assists,Median of Performance: yellow cards,Mean of Performance: yellow cards,Std of Performance: yellow cards,Median of Performance: red cards,Mean of Performance: red cards,Std of Performance: red cards,Median of Expected: expected goals (xG),Mean of Expected: expected goals (xG),Std of Expected: expected goals (xG),Median of Expected: expected Assist Goals (xAG),Mean of Expected: expected Assist Goals (xAG),Std of Expected: expected Assist Goals (xAG),Median of Progression: PrgC,Mean of Progression: PrgC,Std of Progression: PrgC,Median of Progression: PrgP,Mean of Progression: PrgP,Std of Progression: PrgP,Median of Progression: PrgR,Mean of Progression: PrgR,Std of Progression: PrgR,Median of Per 90 minutes: Gls,Mean of Per 90 minutes: Gls,Std of Per 90 minutes: Gls,Median of Per 90 minutes: Ast,Mean of Per 90 minutes: Ast,Std of Per 90 minutes: Ast,Median of Per 90 minutes: xG,Mean of Per 90 minutes: xG,Std of Per 90 minutes: xG,Median of Per 90 minutes: xGA,Mean of Per 90 minutes: xGA,Std of Per 90 minutes: xGA,Median of Performance: goals against per 90mins (GA90),Mean of Performance: goals against per 90mins (GA90),Std of Performance: goals against per 90mins (GA90),Median of Performance: Save%,Mean of Performance: Save%,Std of Performance: Save%,Median of Performance: CS%,Mean of Performance: CS%,Std of Performance: CS%,Median of Penalty Kicks: penalty kicks Save%,Mean of Penalty Kicks: penalty kicks Save%,Std of Penalty Kicks: penalty kicks Save%,Median of Standard: shoots on target percentage (SoT%),Mean of Standard: shoots on target percentage (SoT%),Std of Standard: shoots on target percentage (SoT%),Median of Standard: Shoot on Target per 90min (SoT/90),Mean of Standard: Shoot on Target per 90min (SoT/90),Std of Standard: Shoot on Target per 90min (SoT/90),Median of Standard: goals/shot (G/sh),Mean of Standard: goals/shot (G/sh),Std of Standard: goals/shot (G/sh),Median of Standard: average shoot distance (Dist),Mean of Standard: average shoot distance (Dist),Std of Standard: average shoot distance (Dist),Median of Total: passes completed (Cmp),Mean of Total: passes completed (Cmp),Std of Total: passes completed (Cmp),Median of Total: Pass completion (Cmp%),Mean of Total: Pass completion (Cmp%),Std of Total: Pass completion (Cmp%),Median of Total: progressive passing distance (TotDist),Mean of Total: progressive passing distance (TotDist),Std of Total: progressive passing distance (TotDist),Median of Short: Pass completion (Cmp%),Mean of Short: Pass completion (Cmp%),Std of Short: Pass completion (Cmp%),Median of Medium: Pass completion (Cmp%),Mean of Medium: Pass completion (Cmp%),Std of Medium: Pass completion (Cmp%),Median of Long: Pass completion (Cmp%),Mean of Long: Pass completion (Cmp%),Std of Long: Pass completion (Cmp%),Median of Expected: key passes (KP),Mean of Expected: key passes (KP),Std of Expected: key passes (KP),Median of Expected: pass into final third (1/3),Mean of Expected: pass into final third (1/3),Std of Expected: pass into final third (1/3),Median of Expected: pass into penalty area (PPA),Mean of Expected: pass into penalty area (PPA),Std of Expected: pass into penalty area (PPA),Median of Expected: CrsPA,Mean of Expected: CrsPA,Std of Expected: CrsPA,Median of Expected: PrgP,Mean of Expected: PrgP,Std of Expected: PrgP,Median of SCA: SCA,Mean of SCA: SCA,Std of SCA: SCA,Median of SCA: SCA90,Mean of SCA: SCA90,Std of SCA: SCA90,Median of GCA: GCA,Mean of GCA: GCA,Std of GCA: GCA,Median of GCA: GCA90,Mean of GCA: GCA90,Std of GCA: GCA90,Median of Tackles: Tkl,Mean of Tackles: Tkl,Std of Tackles: Tkl,Median of Tackles: TklW,Mean of Tackles: TklW,Std of Tackles: TklW,Median of Challenges: Att,Mean of Challenges: Att,Std of Challenges: Att,Median of Challenges: Lost,Mean of Challenges: Lost,Std of Challenges: Lost,Median of Blocks: Blocks,Mean of Blocks: Blocks,Std of Blocks: Blocks,Median of Blocks: Sh,Mean of Blocks: Sh,Std of Blocks: Sh,Median of Blocks: Pass,Mean of Blocks: Pass,Std of Blocks: Pass,Median of Blocks: Int,Mean of Blocks: Int,Std of Blocks: Int,Median of Touches: Touches,Mean of Touches: Touches,Std of Touches: Touches,Median of Touches: Def Pen,Mean of Touches: Def Pen,Std of Touches: Def Pen,Median of Touches: Def 3rd,Mean of Touches: Def 3rd,Std of Touches: Def 3rd,Median of Touches: Mid 3rd,Mean of Touches: Mid 3rd,Std of Touches: Mid 3rd,Median of Touches: Att 3rd,Mean of Touches: Att 3rd,Std of Touches: Att 3rd,Median of Touches: Att Pen,Mean of Touches: Att Pen,Std of Touches: Att Pen,Median of Take-Ons: Att,Mean of Take-Ons: Att,Std of Take-Ons: Att,Median of Take-Ons: Succ%,Mean of Take-Ons: Succ%,Std of Take-Ons: Succ%,Median of Take-Ons: Tkld%,Mean of Take-Ons: Tkld%,Std of Take-Ons: Tkld%,Median of Carries: Carries,Mean of Carries: Carries,Std of Carries: Carries,Median of Carries: ProDist,Mean of Carries: ProDist,Std of Carries: ProDist,Median of Carries: ProgC,Mean of Carries: ProgC,Std of Carries: ProgC,Median of Carries: 1/3,Mean of Carries: 1/3,Std of Carries: 1/3,Median of Carries: CPA,Mean of Carries: CPA,Std of Carries: CPA,Median of Carries: Mis,Mean of Carries: Mis,Std of Carries: Mis,Median of Carries: Dis,Mean of Carries: Dis,Std of Carries: Dis,Median of Receiving: Rec,Mean of Receiving: Rec,Std of Receiving: Rec,Median of Receiving: PrgR,Mean of Receiving: PrgR,Std of Receiving: PrgR,Median of Performance: Fls,Mean of Performance: Fls,Std of Performance: Fls,Median of Performance: Fld,Mean of Performance: Fld,Std of Performance: Fld,Median of Performance: Off,Mean of Performance: Off,Std of Performance: Off,Median of Performance: Crs,Mean of Performance: Crs,Std of Performance: Crs,Median of Performance: Recov,Mean of Performance: Recov,Std of Performance: Recov,Median of Aerial Duels: Won,Mean of Aerial Duels: Won,Std of Aerial Duels: Won,Median of Aerial Duels: Lost,Mean of Aerial Duels: Lost,Std of Aerial Duels: Lost,Median of Aerial Duels: Won%,Mean of Aerial Duels: Won%,Std of Aerial Duels: Won%
all,23.0,21.222672064777328,9.975985981037818,14.0,15.566801619433198,10.957163091573111,1337.0,1395.8663967611335,927.7990435855538,1.0,2.0303643724696356,3.548717602392066,1.0,1.508097165991903,2.219893283318498,2.0,2.9959514170040484,2.636147499018243,0.0,0.09109311740890688,0.3084371706992591,0.9,2.0491902834008098,3.1236176418767605,0.9,1.5161943319838056,1.8906144001431546,15.0,26.39676113360324,31.065468878296777,37.5,52.08906882591093,50.53113596356283,25.0,51.44331983805668,64.8220518308452,0.03,0.11995951417004048,0.18226543285205024,0.04,0.08951417004048583,0.12283899487906938,0.07,0.13301619433198383,0.15954553783129433,0.07,0.09665991902834008,0.10022276269928201,1.4849999999999999,1.689,0.7401760012459961,68.15,66.3,9.701836992324754,17.9,23.5275,22.359085659714744,0.0,17.848148148148148,29.401613906125977,30.0,29.54818181818182,19.861681067291435,0.23,0.398582995951417,0.4653695081349406,0.06,0.0788409090909091,0.10019012522595998,16.4,16.744090909090907,5.057425276216994,456.5,560.6963562753036,465.5441328833956,80.15,79.23663967611337,8.285915959613735,7306.0,9638.417004048582,8432.291568220051,89.9,88.73765182186234,6.782605074346466,85.7,83.97611336032388,10.128975380908091,53.7,54.252760736196315,15.730702383735709,8.0,13.799595141700404,15.526928771561252,29.0,43.73886639676113,45.47734905878049,6.0,11.757085020242915,14.56738209494973,1.0,2.8097165991902835,4.370311364254871,37.5,52.08906882591093,50.53113596356283,21.0,32.28542510121458,32.58649762876319,1.795,2.071801619433198,1.4174438443350106,2.0,3.522267206477733,4.251060018321154,0.15,0.21275303643724694,0.22164814994519688,17.0,24.89676113360324,22.86328246837779,10.0,14.88663967611336,14.027476067752307,17.0,22.700404858299596,20.58326285541011,8.0,11.145748987854251,10.511416190522295,12.0,15.465587044534413,13.862766611805219,2.0,5.228744939271255,7.387170478005796,8.0,10.236842105263158,9.47820061851809,7.0,11.323886639676113,11.86521482293623,738.0,847.7894736842105,631.1617031697988,31.0,95.69635627530364,178.09168988748553,159.0,280.63157894736844,311.85415191019604,279.5,360.88663967611336,319.76469433007105,142.0,214.62955465587044,212.21508860265547,20.0,34.991902834008094,41.56087369552482,14.0,25.7834008097166,31.60705187082127,45.0,46.55187637969095,22.440423135448196,43.8,42.35320088300221,21.454037506985713,401.5,475.10526315789474,363.57796155770774,1039.5,1318.9716599190283,1109.3856235186463,15.0,26.39676113360324,31.065468878296777,13.0,17.763157894736842,18.435089209043824,2.0,8.222672064777328,14.459252817287211,13.0,19.257085020242915,19.7168779030626,8.0,13.334008097165992,14.916800271937527,483.5,554.9574898785426,426.4061004364582,25.0,51.44331983805668,64.8220518308452,12.0,15.680161943319838,13.96979250420843,10.0,15.204453441295547,14.940337750338069,1.0,2.4068825910931175,4.005375849799209,9.0,24.831983805668017,36.266006598412325,45.0,58.87044534412956,46.96590858239222,10.0,18.388663967611336,21.62268062662846,13.0,18.356275303643724,18.75556958775102,50.0,48.73716632443532,21.57264296427419
Arsenal,23.5,23.272727272727273,8.066283844803321,16.5,17.5,10.395740886123923,1478.5,1564.4545454545455,902.9764921937589,2.0,2.8181818181818183,2.8053751745764544,1.5,2.3181818181818183,2.7496556258204516,2.5,2.909090909090909,1.9738550848793068,0.0,0.22727272727272727,0.5284134548067253,1.65,2.5636363636363635,2.6409856483527494,0.9,1.9318181818181819,2.187711647151482,23.0,35.31818181818182,32.69685635629847,56.5,77.0,62.4431169717116,52.0,75.95454545454545,77.48823399024143,0.10500000000000001,0.16272727272727272,0.16406101705163634,0.10500000000000001,0.13727272727272727,0.14998989864977474,0.1,0.1527272727272727,0.1416629742325011,0.09,0.11954545454545454,0.11712741424974414,0.89,0.89,,74.1,74.1,,34.3,34.3,,0.0,0.0,,30.9,27.861904761904764,16.67769397100439,0.22,0.4090909090909091,0.4097026690861033,0.14,0.13714285714285715,0.1296974501346444,15.0,14.642857142857142,4.969262664477641,468.5,717.6818181818181,560.3350516698648,82.95,82.32272727272726,6.265698898286022,7398.0,11757.954545454546,9938.890938785555,91.75,90.88636363636364,4.6746831269790174,86.3,84.95454545454545,7.859463647805034,53.349999999999994,55.31818181818182,9.762495600322717,10.0,17.5,17.781076082922166,40.5,58.09090909090909,52.91854395551993,9.0,18.272727272727273,18.49371017447056,1.5,3.0,3.625307868699863,56.5,77.0,62.4431169717116,25.0,39.86363636363637,34.14297034884962,2.24,2.4499999999999997,1.4035600993120858,3.0,5.0,5.597618541248887,0.24,0.2922727272727273,0.299474648234312,19.5,24.636363636363637,20.726209435778593,12.0,14.681818181818182,12.63549936313734,21.0,21.363636363636363,14.85660172174696,11.0,10.636363636363637,7.575307345928704,10.0,13.681818181818182,11.16707048439577,1.5,4.409090909090909,6.835893301495952,7.5,9.272727272727273,7.88719165532271,6.0,9.636363636363637,8.866982385421583,771.5,1008.9545454545455,673.6841479275218,25.0,75.81818181818181,170.01334299559193,125.0,254.45454545454547,337.02631341000057,296.0,439.0,390.8871472749672,225.0,323.09090909090907,237.0239909679446,38.5,53.77272727272727,50.36148549019599,23.5,30.59090909090909,29.146034755886465,44.65,49.26818181818182,22.443248775175476,36.4,37.404545454545456,18.057486965185255,427.0,593.2727272727273,410.16003634100605,1358.0,1677.6363636363637,1143.7038638295003,23.0,35.31818181818182,32.69685635629847,19.5,21.954545454545453,18.367873798531715,4.5,12.136363636363637,15.458994775874643,15.5,20.136363636363637,15.94423452908965,13.5,15.863636363636363,13.52350847174214,552.0,710.8636363636364,492.201884195088,52.0,75.95454545454545,77.48823399024143,14.0,16.954545454545453,11.273556386210767,17.0,17.045454545454547,12.40382918114315,2.0,3.5454545454545454,3.6868785704269667,11.0,32.18181818181818,42.690063931101804,49.5,59.68181818181818,41.36755844589926,10.5,19.90909090909091,19.786741811504783,15.5,19.363636363636363,17.646112358966818,51.15,47.82727272727273,19.01468559819668
Aston Villa,20.5,19.428571428571427,10.333077313776704,9.5,13.75,11.660712766474536,1004.0,1235.357142857143,943.1826033597222,1.0,1.8928571428571428,3.2924074914790067,0.0,1.5,2.3959842947608694,2.0,2.4285714285714284,2.251395804558378,0.0,0.07142857142857142,0.262265264156481,0.8,1.9535714285714287,2.9725263158486412,0.45,1.4321428571428572,2.0083259237168196,16.5,23.785714285714285,23.6601824338747,34.0,44.17857142857143,48.1994725431633,21.0,43.75,51.99617151148584,0.035,0.16999999999999998,0.2806342023979892,0.0,0.08535714285714287,0.11429274118609058,0.08,0.19321428571428573,0.24695259061322278,0.05,0.09071428571428572,0.10356349175938799,1.6800000000000002,1.6800000000000002,0.45254833995939026,61.150000000000006,61.150000000000006,7.848885271170681,58.8,58.8,58.265598769771515,50.0,50.0,,27.8,29.024,21.701061417973698,0.195,0.4642857142857143,0.6783991427068558,0.06,0.07440000000000001,0.07989993742175272,16.7,16.887999999999998,4.488812018043676,402.5,491.0,427.63665781959236,81.94999999999999,81.24285714285715,7.1855528188281585,5738.0,8421.57142857143,7968.745504822884,91.45,90.07142857142857,5.500024049971469,86.45,86.43928571428572,7.7284629915423855,53.9,54.48571428571428,15.355026063046113,6.5,12.107142857142858,14.937745592499672,23.5,38.0,46.91047423116284,7.5,10.5,12.671051872498808,0.0,1.8571428571428572,3.698991711607324,34.0,44.17857142857143,48.1994725431633,20.0,28.642857142857142,29.933524233138222,1.825,2.1085714285714285,1.3797496130490468,2.0,3.4285714285714284,3.881853045748006,0.18,0.23107142857142857,0.20994424807931106,10.5,21.392857142857142,20.552262713518985,6.0,12.321428571428571,12.516814088282807,10.5,18.214285714285715,19.028939253161987,5.5,7.964285714285714,8.234894781567768,10.0,10.857142857142858,9.151863949852716,2.5,3.607142857142857,4.314826168888484,5.5,7.25,6.369051327695108,5.0,8.071428571428571,8.379554356702462,655.0,721.4642857142857,574.5980548202148,30.0,86.96428571428571,191.62124720644204,133.0,242.96428571428572,300.24082705855346,244.0,308.7142857142857,300.82206591923295,117.5,176.96428571428572,169.99226172864175,20.5,31.535714285714285,37.60268129019047,17.0,24.285714285714285,30.09596643683661,47.4,50.05555555555556,24.831576258610315,40.0,38.903703703703705,22.868024055797303,397.0,408.2857142857143,318.5088936653345,1086.5,1180.8214285714287,939.9880635007073,16.5,23.785714285714285,23.6601824338747,12.5,14.75,13.11099340813457,2.0,7.178571428571429,10.58319272497521,9.0,16.785714285714285,21.64076595970557,8.0,12.892857142857142,15.317236201995607,483.5,482.0357142857143,387.3446624985783,21.0,43.75,51.99617151148584,8.5,13.535714285714286,13.546851876624169,9.0,16.392857142857142,17.847791202096992,1.0,1.8214285714285714,2.868133622443431,4.5,19.964285714285715,34.23717077145631,37.5,46.75,36.89587450590589,8.0,12.428571428571429,12.179000054521813,9.5,13.857142857142858,13.903674669387563,50.0,40.370370370370374,23.99446754846777
Bournemouth,26.0,22.217391304347824,10.180000543575314,17.0,16.695652173913043,11.632379505691295,1670.0,1494.608695652174,1004.3940615266696,1.0,2.347826086956522,3.5879684762496544,1.0,1.6956521739130435,2.0545909260769615,3.0,3.869565217391304,3.0793202884297664,0.0,0.08695652173913043,0.2881040655200304,1.1,2.682608695652174,3.5771563330151,1.1,1.808695652173913,1.874206024252369,19.0,29.869565217391305,34.65322279099553,43.0,58.47826086956522,52.052307227893714,31.0,57.65217391304348,71.61171101258645,0.03,0.13521739130434782,0.18007244918788032,0.04,0.10043478260869565,0.11451392376116482,0.08,0.1808695652173913,0.20232541393144277,0.1,0.1282608695652174,0.14858888291686637,1.0,1.0833333333333333,0.14433756729740643,80.0,80.0,4.599999999999994,20.0,15.0,13.228756555322953,0.0,0.0,,29.7,25.02,16.673035274453117,0.15,0.5382608695652175,0.6496058397486688,0.065,0.06,0.056661506472996934,16.450000000000003,15.805000000000001,4.375948017587912,436.0,504.7826086956522,408.761205742617,74.3,73.9304347826087,6.575673818401266,7088.0,9147.95652173913,7897.391724074364,88.0,86.84347826086957,7.089930509145059,78.3,81.62173913043478,10.801807783116638,47.8,46.660869565217396,17.887546178847316,11.0,17.782608695652176,16.55831711293899,37.0,48.21739130434783,47.725499684739844,7.0,13.217391304347826,13.869379358661526,2.0,4.043478260869565,5.530726245831023,43.0,58.47826086956522,52.052307227893714,28.0,40.78260869565217,36.34550931588152,2.35,2.5721739130434784,1.868110266654366,2.0,3.9565217391304346,4.1939161658674236,0.21,0.22826086956521738,0.2068739663289319,21.0,27.956521739130434,23.43361660844904,10.0,16.130434782608695,14.50800515021742,25.0,25.608695652173914,21.31098549496945,13.0,13.565217391304348,10.710343712999732,16.0,18.82608695652174,16.694180188733828,3.0,5.739130434782608,7.2627154407372,8.0,13.08695652173913,12.641608943478749,10.0,14.391304347826088,15.622650020911603,783.0,852.4782608695652,626.5489801331806,44.0,90.26086956521739,153.4657845761495,159.0,257.30434782608694,280.4485748975297,316.0,365.95652173913044,322.8818357261635,133.0,239.7391304347826,238.20430829462043,19.0,39.52173913043478,48.0821924749858,16.0,27.08695652173913,32.48623910558587,41.150000000000006,43.230000000000004,19.226492139753418,45.099999999999994,42.83,19.17059425814772,483.0,458.3478260869565,342.49852138972835,1183.0,1442.0869565217392,1300.3993062637435,19.0,29.869565217391305,34.65322279099553,17.0,21.08695652173913,20.42706102537483,1.0,9.08695652173913,16.028137314446457,18.0,23.52173913043478,21.605701194607686,8.0,14.08695652173913,17.22290505396879,435.0,499.69565217391306,370.4772640285168,31.0,57.65217391304348,71.61171101258645,16.0,20.52173913043478,17.98451244118215,10.0,15.608695652173912,13.89486213230953,0.0,2.739130434782609,5.074153680479389,10.0,32.95652173913044,41.37245269375788,59.0,73.21739130434783,57.25378631523709,20.0,23.17391304347826,21.29586424618862,22.0,24.608695652173914,20.979945251758842,47.0,50.18181818181818,18.40014586804594
Brentford,28.0,23.523809523809526,11.382526290850585,21.0,18.333333333333332,13.297869503545796,1913.0,1638.095238095238,1122.0364479268,0.0,2.9047619047619047,5.539898572219188,2.0,1.9523809523809523,2.4387740870402586,2.0,2.5238095238095237,1.8873009198071093,0.0,0.047619047619047616,0.21821789023599236,0.8,2.6095238095238096,4.196773136816519,1.2,1.8952380952380952,2.2310258157350376,12.0,25.857142857142858,32.37635821751068,52.0,58.285714285714285,54.4941674467487,27.0,57.57142857142857,77.18003072594065,0.0,0.11571428571428573,0.194642529488584,0.09,0.09857142857142859,0.10412904082366813,0.06,0.12095238095238095,0.16080748620337182,0.08,0.10428571428571429,0.08941875801930087,1.385,1.385,0.2050609665440988,61.55,61.55,16.334166645409244,58.8,58.8,58.265598769771515,0.0,0.0,,34.8,30.88888888888889,17.79801340166232,0.17,0.31523809523809526,0.38166240380235317,0.05,0.07833333333333334,0.0867213251472446,15.3,15.933333333333334,4.311680442158732,489.0,582.2380952380952,445.7851393622161,77.3,76.69047619047619,7.844291221130482,7626.0,10679.142857142857,9438.228193287734,87.7,86.79523809523809,7.6692552565732335,79.9,82.28571428571429,9.731355800415773,55.0,54.84285714285714,13.492574677524352,9.0,14.523809523809524,17.53744293681108,42.0,48.095238095238095,40.919316663288456,7.0,14.0,18.700267377767624,2.0,3.9047619047619047,5.271667306505238,52.0,58.285714285714285,54.4941674467487,21.0,34.095238095238095,35.68880043081409,1.72,1.8747619047619046,1.1583161012764134,2.0,5.0,5.822370651203855,0.2,0.27904761904761904,0.2717150117660922,25.0,27.523809523809526,22.234250712850763,17.0,16.523809523809526,12.890380318745635,26.0,25.476190476190474,20.60247326807888,11.0,11.857142857142858,10.518011762142665,17.0,21.19047619047619,19.307042879786245,4.0,8.714285714285714,12.94273099906993,13.0,12.476190476190476,10.385658609924782,8.0,12.761904761904763,12.3000193573212,804.0,937.047619047619,669.6892171888746,52.0,145.57142857142858,290.90867491853373,232.0,366.4761904761905,421.0808258574141,348.0,349.04761904761904,279.643787020287,160.0,230.04761904761904,234.9209390817422,24.0,43.0,47.19110085598767,13.0,27.333333333333332,33.91066695500596,46.5,48.76315789473684,19.880090837214663,42.1,42.09473684210526,16.47629521748039,410.0,493.6666666666667,361.55391483613244,1204.0,1371.5714285714287,1143.6432822969134,12.0,25.857142857142858,32.37635821751068,11.0,15.952380952380953,18.81615314158606,1.0,9.19047619047619,17.531739923975167,14.0,23.285714285714285,26.448332380592273,8.0,12.571428571428571,13.544635205761095,497.0,573.5238095238095,410.8683023850366,27.0,57.57142857142857,77.18003072594065,12.0,13.333333333333334,10.822815406969358,10.0,15.047619047619047,14.579012965479489,1.0,2.9523809523809526,4.477456761111049,14.0,29.523809523809526,45.98545318643609,50.0,71.0,55.45087916345421,12.0,27.523809523809526,31.921182696790932,14.0,23.952380952380953,23.96137765337417,55.5,54.88571428571428,19.609826254056554
Brighton,21.0,19.535714285714285,10.035057595867647,10.0,13.75,10.127428835336973,929.5,1233.8214285714287,890.9927070230451,1.0,1.9642857142857142,2.9997795333452837,1.0,1.3214285714285714,1.6113847605587084,2.0,2.6785714285714284,2.5970577572917004,0.0,0.10714285714285714,0.314970394174356,0.75,1.9107142857142858,2.6435581080996635,1.0,1.3214285714285714,1.3985063839039513,18.5,26.357142857142858,30.01384160401144,40.0,49.785714285714285,50.207980141022105,27.0,49.464285714285715,62.593622999564744,0.045,0.1207142857142857,0.14892027624621396,0.035,0.09178571428571429,0.1313478156546529,0.09,0.1285714285714286,0.11850032929206585,0.08499999999999999,0.10250000000000001,0.07829786431030897,1.085,1.085,0.8273149339882605,69.85,69.85,7.283199846221443,34.1,34.1,22.48599564173221,0.0,0.0,,29.3,30.565384615384616,21.94210459017443,0.29500000000000004,0.44821428571428573,0.649364667116614,0.055,0.0803846153846154,0.08995468944888951,16.5,17.457692307692305,3.822896606179464,343.0,517.2142857142857,488.9752971979682,80.55000000000001,79.32857142857142,8.156563235182071,4862.0,8798.57142857143,9292.458377545347,90.3,89.52857142857144,6.110577177252035,82.1,81.26428571428572,10.622276183697696,52.55,54.04642857142857,15.593647380402656,9.5,11.892857142857142,10.064014682739266,23.0,38.642857142857146,48.632571226771304,7.5,10.928571428571429,10.509003446528762,1.0,2.857142857142857,3.8172540616821116,40.0,49.785714285714285,50.207980141022105,24.0,29.964285714285715,23.638452889866866,2.8099999999999996,2.4699999999999998,1.219735854829051,3.0,3.5357142857142856,3.0121008155025826,0.28500000000000003,0.2978571428571429,0.27518824725734825,16.5,22.642857142857142,19.761943010098765,10.0,13.821428571428571,12.092402179723866,18.0,22.857142857142858,18.713659668837046,9.0,11.714285714285714,9.16053185766765,12.0,14.428571428571429,12.257812539518143,2.0,4.0,5.4501104304136545,9.5,10.428571428571429,9.949608484493698,8.5,10.357142857142858,9.94508732514511,644.5,775.75,627.3336654267629,23.5,85.67857142857143,197.215440303694,121.5,247.39285714285714,328.1287393336944,229.0,337.5,329.7354158176589,149.0,199.46428571428572,179.5109574996297,17.0,34.57142857142857,42.02770565148712,12.5,26.678571428571427,31.832959359558476,43.8,45.529629629629625,21.19547874166373,46.2,46.422222222222224,20.502689004378336,377.0,455.5,391.5661336696996,1092.0,1366.392857142857,1430.1862696421806,18.5,26.357142857142858,30.01384160401144,16.0,18.571428571428573,18.6238170321382,3.0,8.5,14.995060915243121,10.5,18.892857142857142,19.16079965414396,7.0,11.5,12.366322247375162,417.0,511.25,430.0699878443559,27.0,49.464285714285715,62.593622999564744,11.0,14.607142857142858,12.464287609344773,8.0,13.678571428571429,14.560356048324103,1.0,1.4642857142857142,1.8354965592579082,10.0,22.535714285714285,27.83879805682489,40.5,53.07142857142857,44.24755994229016,12.0,17.25,18.542493739356477,11.0,15.678571428571429,14.817541085130278,53.8,50.05925925925926,20.09338312937982
Chelsea,18.0,19.692307692307693,11.2632827568848,11.5,14.807692307692308,11.79158761412298,1046.5,1329.5,1029.0452371008769,1.0,2.269230769230769,3.650289767212376,1.0,1.7307692307692308,2.2549091743605514,2.5,3.6923076923076925,3.197114083284871,0.0,0.038461538461538464,0.19611613513818402,0.75,2.5653846153846156,4.209507553877751,1.05,1.9653846153846155,2.4762782247061508,11.0,31.192307692307693,41.09892381147636,34.5,57.53846153846154,63.00300359140396,11.5,56.80769230769231,76.25746873888183,0.05,0.1453846153846154,0.20468963372346471,0.065,0.13153846153846155,0.18418886628007258,0.08,0.15615384615384617,0.17830483836569153,0.095,0.15423076923076923,0.17029792898149002,1.3,1.3,0.28284271247461895,73.85,73.85,3.464823227814082,22.15,22.15,7.707463914933371,10.0,10.0,14.142135623730951,33.3,29.882608695652173,21.680314744736297,0.275,0.45461538461538464,0.4853553812968865,0.07,0.09347826086956522,0.11849851152314776,15.0,15.07391304347826,4.556236224950305,521.0,648.7307692307693,587.2944445636997,84.75,84.0576923076923,6.441004460605385,7782.0,11225.0,10550.480872453163,91.9,91.0653846153846,5.697082924282728,90.7,88.54230769230769,7.302228321652125,57.5,57.15384615384615,17.983575412453014,6.5,16.807692307692307,21.85043565839222,27.5,53.88461538461539,58.51244443574507,4.0,12.807692307692308,17.116119258217925,0.0,2.730769230769231,5.488589562411765,34.5,57.53846153846154,63.00300359140396,15.0,38.96153846153846,47.7505859811004,1.72,2.316538461538461,1.678706507541309,2.5,4.076923076923077,4.706787243316416,0.23,0.25346153846153846,0.242684030091678,11.0,20.73076923076923,23.883982402116597,8.5,13.0,14.767531953579788,11.5,19.384615384615383,22.599251178880994,5.5,9.692307692307692,12.108738103598512,9.0,12.653846153846153,13.84179846029354,1.5,3.730769230769231,5.6324608640109854,5.5,8.923076923076923,10.07143714441222,7.5,9.923076923076923,11.471436098145956,744.5,902.2307692307693,767.0820716294863,20.0,85.0,179.55968367091762,126.5,271.61538461538464,334.7028624823011,267.5,407.03846153846155,412.55821220954806,92.5,231.26923076923077,258.923086292792,12.0,40.84615384615385,52.00514767420033,13.0,27.76923076923077,34.050912107968784,45.05,45.99166666666667,20.566581518626734,40.0,39.59583333333333,22.111938132398404,405.5,522.6153846153846,421.2076995424539,1016.0,1491.1538461538462,1199.768434067431,11.0,31.192307692307693,41.09892381147636,9.5,17.423076923076923,19.23366439745287,1.0,11.576923076923077,21.692714126034257,6.0,16.346153846153847,19.88756859486309,5.5,10.76923076923077,12.054236408193402,523.0,643.4230769230769,538.6618362629321,11.5,56.80769230769231,76.25746873888183,8.0,15.461538461538462,16.147397980432064,10.5,15.884615384615385,16.90757681769194,1.0,2.3461538461538463,4.629836348661216,3.0,23.692307692307693,40.596324198891935,38.0,55.92307692307692,51.396438068740196,9.5,14.26923076923077,16.576025319255983,8.5,13.846153846153847,14.69337893799056,42.1,46.872,26.27191973698661
Crystal Palace,30.0,24.047619047619047,10.632385388407393,19.0,18.238095238095237,12.87208126879551,1652.0,1633.047619047619,1082.8501039474706,0.0,1.9047619047619047,3.404478842712374,1.0,1.5238095238095237,2.0885173597326796,2.0,3.619047619047619,3.3686227226596697,0.0,0.19047619047619047,0.40237390808147827,1.1,2.5523809523809526,3.4639022860957045,1.5,1.9142857142857144,2.12821185841206,11.0,21.714285714285715,22.71154520754336,47.0,50.142857142857146,39.5047917527554,11.0,49.61904761904762,64.75915085181104,0.0,0.08523809523809524,0.13010069360380241,0.03,0.060476190476190475,0.07896050851382547,0.08,0.14142857142857143,0.1406515451136501,0.11,0.10095238095238096,0.0740881071363523,1.37,1.37,,67.1,67.1,,28.6,28.6,,50.0,50.0,,31.6,29.238095238095237,17.724121309404204,0.34,0.490952380952381,0.46433721326106053,0.0,0.05952380952380952,0.08393307991943287,17.7,18.123809523809523,5.7053400215854575,541.0,519.1904761904761,395.3220989329611,75.6,74.08095238095238,6.961653470808429,8735.0,9320.047619047618,7646.46145269948,84.5,84.29047619047618,6.461880899699773,81.1,79.82380952380952,10.531709489057546,46.7,49.957142857142856,18.586623454209516,9.0,16.142857142857142,16.227401869324968,27.0,38.714285714285715,32.31120990792956,4.0,11.952380952380953,12.749416419884444,1.0,3.0476190476190474,4.375799246722711,47.0,50.142857142857146,39.5047917527554,27.0,37.666666666666664,35.416568627315286,2.0,2.206666666666667,1.5029781546427523,3.0,3.619047619047619,3.427479985006338,0.15,0.17285714285714285,0.16604646509766047,21.0,33.142857142857146,29.935406652133047,14.0,19.61904761904762,18.89305742985023,23.0,28.333333333333332,22.050699157471932,15.0,14.142857142857142,9.90598664589103,19.0,21.047619047619047,18.017980437541247,3.0,6.142857142857143,6.908586789537454,13.0,14.904761904761905,12.891488517253396,11.0,14.238095238095237,14.48414568383224,871.0,888.3333333333334,626.8676362146425,30.0,110.66666666666667,217.51973090580387,181.0,330.5238095238095,366.73745637003304,377.0,369.23809523809524,273.5370001959341,146.0,197.0952380952381,188.12519893993596,18.0,34.42857142857143,36.30643390443549,12.0,21.285714285714285,29.93015679401439,40.0,41.88,23.66431023603622,45.55,47.97,26.273642986641075,430.0,444.76190476190476,315.46186849790655,1004.0,1094.4761904761904,800.9814366792541,11.0,21.714285714285715,22.71154520754336,10.0,15.380952380952381,14.115509875580798,1.0,5.238095238095238,7.509359239673928,16.0,21.666666666666668,21.04835702218426,13.0,14.666666666666666,14.37126763140028,533.0,514.4285714285714,354.96261372552624,11.0,49.61904761904762,64.75915085181104,12.0,18.047619047619047,16.197148485076596,19.0,17.952380952380953,15.866556622267453,1.0,3.1904761904761907,4.915476046315836,11.0,26.904761904761905,32.74279273657756,64.0,72.9047619047619,54.03601092040822,17.0,22.38095238095238,22.366216019872898,19.0,28.19047619047619,25.862364639798596,43.6,41.114285714285714,18.50622289161907
Everton,24.0,22.40909090909091,9.287262608177222,15.0,17.454545454545453,10.649065564761887,1357.5,1565.2272727272727,904.2691830485297,1.0,1.5,2.1325147238926743,1.0,1.0,1.1126972805283737,3.0,3.409090909090909,2.1747269321542944,0.0,0.09090909090909091,0.29424494316824984,1.1,1.7,2.0189577697887775,1.05,1.3,1.1079797144438375,12.0,20.318181818181817,20.501768480365563,40.0,43.5,35.4007667390734,24.0,42.54545454545455,40.9433142082438,0.04,0.09363636363636364,0.13076862353191954,0.035,0.07545454545454545,0.09912605119732162,0.05,0.11136363636363637,0.12333830573807014,0.055,0.08045454545454546,0.0695890845797004,1.23,1.23,,71.1,71.1,,28.6,28.6,,100.0,100.0,,35.7,32.55238095238095,23.156783434830043,0.23500000000000001,0.36272727272727273,0.38039054890594964,0.05,0.08095238095238096,0.10573101540724755,17.3,17.271428571428572,5.332555002730197,428.5,473.5,339.25980352189424,74.15,74.57727272727273,7.898157218357166,7396.5,8940.727272727272,7796.047900985401,86.45,85.33636363636364,7.516809445664051,83.19999999999999,80.3,12.045785668894844,58.3,57.472727272727276,14.987810342890615,9.5,12.318181818181818,9.794976183817827,36.5,41.86363636363637,34.958881226712286,8.0,10.863636363636363,10.213415335422956,2.0,3.8181818181818183,5.359782899266791,40.0,43.5,35.4007667390734,25.5,29.40909090909091,19.353009095201735,1.76,1.880909090909091,1.081488872720465,2.0,2.5454545454545454,2.086858489447321,0.11,0.18,0.17443787268988187,26.0,30.863636363636363,28.23590327519617,14.5,18.045454545454547,17.06144992645917,23.5,27.318181818181817,22.486792660489495,8.5,13.227272727272727,11.359626998327258,13.0,16.363636363636363,14.334591709585576,3.0,5.863636363636363,9.387405212484257,7.5,10.5,8.584315708923816,9.5,13.863636363636363,13.046785608670616,746.5,808.6363636363636,510.6739287175932,31.0,101.5,217.83146609029563,170.0,288.77272727272725,360.4804904328166,301.5,327.72727272727275,235.52781289977335,180.5,200.77272727272728,144.58674503503715,19.0,30.09090909090909,26.0346090003454,18.0,27.045454545454547,29.934018349454096,47.2,46.885714285714286,18.287325821844096,45.0,45.34761904761905,18.55164734053607,377.5,396.3636363636364,246.8148612980502,761.5,1053.909090909091,818.4768030043838,12.0,20.318181818181817,20.501768480365563,11.5,15.227272727272727,11.542599435638477,2.0,5.090909090909091,7.097344177387367,12.5,21.59090909090909,20.30167502099294,11.5,16.318181818181817,14.257450395315841,439.5,468.8636363636364,275.28708745504304,24.0,42.54545454545455,40.9433142082438,15.0,18.318181818181817,13.569525954580529,14.0,15.636363636363637,12.602136835229683,1.0,3.5,6.307591797644667,8.5,28.727272727272727,36.723136366448124,56.0,63.45454545454545,47.04276400278416,11.5,25.454545454545453,29.287942054428303,15.0,23.5,23.64569828994373,50.6,48.35,19.10573960134194
Fulham,27.0,24.5,9.328655290223214,17.5,17.454545454545453,11.496282101814575,1620.5,1568.2727272727273,963.243685818079,0.5,2.227272727272727,3.2649920612726087,1.0,1.9090909090909092,2.561790499391112,2.5,3.409090909090909,2.9866224099998684,0.0,0.09090909090909091,0.29424494316824984,1.05,2.122727272727273,2.6848661965741405,1.0,1.6272727272727272,1.882293893904537,22.0,32.81818181818182,36.188180606164984,53.0,65.31818181818181,49.51804516069669,39.0,64.18181818181819,71.84085345475945,0.015,0.16136363636363635,0.23915118658139675,0.08499999999999999,0.10272727272727272,0.11695264887090878,0.085,0.1459090909090909,0.15067021985619838,0.085,0.10090909090909092,0.08111773283374346,1.34,1.34,,68.3,68.3,,14.3,14.3,,0.0,0.0,,29.7,29.25238095238095,18.721154319315332,0.26,0.5236363636363636,0.5700755626986191,0.05,0.07285714285714286,0.09127665951067979,15.4,16.34285714285714,4.266212773476193,652.0,678.5454545454545,508.42152808122734,81.65,80.42272727272727,7.950437653013752,11199.0,12124.045454545454,9949.947357971645,90.5,88.66363636363636,6.539079988772665,85.25,84.37727272727273,9.081741589751953,58.2,59.15909090909091,12.973807279464088,10.0,16.454545454545453,16.947333749357778,44.5,56.5,48.66185560042065,8.0,13.863636363636363,18.898968111275167,2.5,4.5,7.209451468467658,53.0,65.31818181818181,49.51804516069669,30.5,38.63636363636363,31.625103733382215,2.1950000000000003,2.541818181818182,1.7431652555696229,3.0,4.136363636363637,4.2683269226495195,0.18,0.22863636363636364,0.19739482925020763,23.5,28.272727272727273,23.005551748554332,12.0,17.227272727272727,14.42197997826604,19.0,23.727272727272727,20.598617193953345,8.5,11.636363636363637,11.244238543934417,14.0,15.454545454545455,11.206831559056894,2.0,4.590909090909091,6.299350615882417,11.0,10.863636363636363,8.049226254121777,8.5,12.727272727272727,13.718884510330723,976.0,1000.6363636363636,689.4235373504547,26.5,109.04545454545455,236.86171920758753,155.5,334.95454545454544,397.4030552369827,388.5,412.1363636363636,324.87701635784543,209.0,264.1363636363636,227.07693167830345,32.0,39.04545454545455,38.11695944592902,18.5,26.818181818181817,27.09355285045884,43.6,43.44285714285714,18.89501445960207,41.7,37.47142857142857,15.186841108576294,533.5,590.0454545454545,418.937258317909,1222.5,1603.3636363636363,1309.0666811731082,22.0,32.81818181818182,36.188180606164984,18.0,23.272727272727273,23.41180373470942,4.5,9.227272727272727,11.156598808315055,14.5,21.227272727272727,18.298924814060783,8.0,11.545454545454545,11.677113442755378,632.5,671.6818181818181,460.80461579653684,39.0,64.18181818181819,71.84085345475945,15.5,17.954545454545453,14.297776293060641,15.5,14.954545454545455,11.004229804628471,1.0,1.8636363636363635,3.2115187705901413,15.0,37.90909090909091,51.353962234957464,61.0,67.72727272727273,44.73858653937478,15.0,22.318181818181817,23.04113580954592,19.0,22.272727272727273,21.173167696474476,47.2,45.913636363636364,21.268874988819775
Ipswich Town,18.5,18.2,9.01493014488972,11.5,12.833333333333334,9.684980669816161,984.5,1146.7666666666667,798.9912900709215,0.0,1.1333333333333333,2.315365962484092,0.0,0.8333333333333334,1.0854312136382618,2.0,2.966666666666667,2.6455340811852426,0.0,0.16666666666666666,0.3790490217894517,0.6,1.07,1.7597315626008967,0.4,0.7100000000000001,0.9714369023114232,9.0,15.066666666666666,18.26799223313512,20.0,27.666666666666668,25.77265770264043,14.5,27.233333333333334,35.37063201577549,0.0,0.09166666666666666,0.15090721820293132,0.0,0.06766666666666668,0.10358016496758751,0.04,0.09133333333333334,0.11437184767341081,0.03,0.057,0.05820001184974402,2.45,2.316666666666667,0.43558389930452346,58.7,62.1,6.863672486358887,5.6,7.433333333333333,8.499607834090543,0.0,0.0,0.0,22.85,28.754166666666666,24.496139521346525,0.085,0.2986666666666667,0.4006006983771121,0.07500000000000001,0.07375,0.07977209384566597,16.2,16.566666666666666,5.287858666356573,226.0,347.06666666666666,310.1868106017152,75.7,75.11333333333333,8.13653884448517,4256.5,6204.0,5602.85801453459,87.0,87.14333333333335,7.3549740773275945,84.4,81.58666666666666,10.944837653632316,50.0,48.521428571428565,13.252151667164236,4.5,8.266666666666667,11.08255333872782,18.0,26.266666666666666,28.85150248084662,4.0,4.9,5.984750736606357,0.0,1.5,2.837556014941561,20.0,27.666666666666668,25.77265770264043,13.0,19.166666666666668,21.091072360914545,1.395,1.5193333333333332,1.2287305850245256,1.0,1.8666666666666667,2.0800088417141875,0.11,0.14133333333333334,0.1605106792737466,12.5,18.4,16.581252396441073,8.0,10.5,9.47501251022739,12.0,18.733333333333334,16.794772038229393,6.5,9.8,9.440923391425153,8.0,13.433333333333334,13.957282942121536,2.0,5.766666666666667,9.62641242062452,6.5,7.666666666666667,7.562764196962019,6.5,9.666666666666666,9.44067988979656,438.5,580.0666666666667,467.2063660800729,28.0,93.56666666666666,133.9906541602766,127.5,238.9,253.51995772624537,163.0,228.16666666666666,214.5089152288167,102.5,119.46666666666667,122.43358039849772,11.5,17.766666666666666,21.382692539291796,8.0,19.0,27.014683108418573,45.4,44.304545454545455,11.71366630713793,43.349999999999994,45.25454545454546,8.985688476827885,224.0,285.93333333333334,222.54343757836446,597.5,780.4,623.8107361073218,9.0,15.066666666666666,18.26799223313512,6.5,9.966666666666667,11.07181364868757,1.5,4.433333333333334,7.654988607092283,11.0,16.733333333333334,21.00563690082249,5.0,10.633333333333333,14.377864532180958,255.0,343.7,282.96096355602083,14.5,27.233333333333334,35.37063201577549,8.5,13.4,14.763888843834591,9.0,12.266666666666667,11.779389754503658,0.5,1.5,2.776129779337439,6.5,15.133333333333333,28.755489231093602,39.5,44.3,35.80709812121151,7.0,16.833333333333332,22.689939033266114,14.5,16.766666666666666,18.1937528750437,50.0,52.13666666666666,26.47211263058611
Leicester City,21.5,20.23076923076923,9.717232907809475,15.0,14.807692307692308,9.968025805621616,1408.0,1329.1923076923076,824.5063016972408,0.0,1.1153846153846154,2.006527808467614,0.0,0.8461538461538461,1.189699380257305,2.0,3.1153846153846154,2.6431333387012175,0.0,0.0,0.0,0.4,1.1846153846153844,2.171578652997364,0.4,0.9192307692307692,1.1405329388559475,15.0,21.03846153846154,22.975605792632795,30.5,38.84615384615385,34.95905297080264,20.0,38.26923076923077,40.63944654377831,0.0,0.061153846153846156,0.09778862604932839,0.0,0.05653846153846154,0.08574111301784262,0.045,0.06769230769230769,0.08585139217544197,0.025,0.06692307692307692,0.08132744829486442,2.19,2.6333333333333333,1.207656132072923,61.3,55.26666666666667,13.317782598215565,3.7,6.0,7.422263805605403,25.0,25.0,,32.9,34.24090909090909,22.96277855866313,0.21500000000000002,0.275,0.2729725260900811,0.0,0.056363636363636366,0.0723447733686839,16.9,17.80909090909091,5.814424517313167,424.0,499.6923076923077,371.7056651955436,77.69999999999999,78.11153846153846,8.394823496563914,6483.0,8378.461538461539,6446.121694357123,89.05,88.78076923076924,6.9811757881187475,83.0,84.38846153846154,9.071375945161877,53.2,55.05769230769231,17.751646077520203,6.5,9.038461538461538,9.331584085162687,24.5,34.80769230769231,31.72004947129715,5.5,7.6923076923076925,8.446392038115354,1.0,2.4615384615384617,4.012288815434594,30.5,38.84615384615385,34.95905297080264,15.5,20.884615384615383,18.817708517408647,1.325,1.3634615384615385,0.9827876365021787,1.0,1.9230769230769231,2.365131318520423,0.10500000000000001,0.12423076923076923,0.1428054082147613,21.5,25.846153846153847,22.301017569056903,12.0,15.076923076923077,13.531956479158737,18.5,24.653846153846153,21.708878013738634,10.0,12.807692307692308,11.86598240608583,16.5,17.73076923076923,14.001593315927133,4.0,6.769230769230769,8.199061860031023,9.0,10.961538461538462,8.655545132368124,9.5,11.76923076923077,11.907334520564012,756.0,776.4230769230769,523.4231307901417,34.0,101.46153846153847,167.52294905934068,149.0,284.0769230769231,284.71149229729707,325.5,353.61538461538464,278.4136601423252,104.0,146.15384615384616,134.96449675605575,15.5,22.423076923076923,24.625471490995785,11.5,22.884615384615383,27.055981849604972,41.3,43.55833333333334,28.180318705061524,48.55,48.30416666666667,25.450386162042836,445.0,440.88461538461536,286.6084893261994,1080.5,1097.0384615384614,748.8048333588256,15.0,21.03846153846154,22.975605792632795,8.0,13.192307692307692,12.441926637845862,2.5,5.038461538461538,6.276819380742252,13.0,17.26923076923077,15.759588046158294,9.0,11.615384615384615,13.050906246163668,478.5,495.2692307692308,329.8464561206996,20.0,38.26923076923077,40.63944654377831,13.5,14.461538461538462,10.882024698486102,12.0,13.461538461538462,11.903716291077401,1.0,2.269230769230769,4.911681523125801,9.5,22.615384615384617,27.965803293418087,42.0,53.0,37.728503813429974,12.0,17.923076923076923,16.96566668757365,15.5,20.03846153846154,17.862767465834107,50.0,49.208333333333336,19.749296446833938
Liverpool,28.0,25.19047619047619,8.92535180045609,20.0,18.333333333333332,11.921968517544965,1717.0,1643.095238095238,977.4990488364633,1.0,3.8095238095238093,6.493219907095768,2.0,2.857142857142857,3.9910614413425693,3.0,3.0476190476190474,2.2688364964490164,0.0,0.09523809523809523,0.30079260375911915,1.7,3.6761904761904765,5.513973590969108,1.2,2.676190476190476,3.1846357345707155,24.0,35.666666666666664,36.51620644773131,71.0,83.95238095238095,68.39990949590225,54.0,83.04761904761905,111.0078718787439,0.04,0.16523809523809524,0.23183224641147415,0.16,0.13904761904761903,0.13190544954264635,0.07,0.1842857142857143,0.20711280570190313,0.11,0.1304761904761905,0.10938355408726627,1.06,1.06,0.19798989873223322,69.5,69.5,2.6870057685088886,38.0,38.0,2.8284271247461903,50.0,50.0,70.71067811865476,32.8,31.494444444444444,15.156884369515053,0.35,0.48428571428571426,0.43508127319584133,0.07500000000000001,0.07555555555555556,0.07039570693980958,14.6,15.488888888888889,4.028850206563668,681.0,807.1428571428571,634.1773636542293,83.8,82.94285714285714,7.545566342467041,11124.0,13712.952380952382,11314.636509743434,91.7,91.29523809523809,5.919837513857637,88.3,86.79047619047618,9.57365681241524,60.8,60.27619047619047,15.250308349731972,12.0,22.428571428571427,22.809146035245224,41.0,69.57142857142857,71.30748307756447,8.0,19.047619047619047,23.236772991265788,1.0,3.7142857142857144,5.959386353835915,71.0,83.95238095238095,68.39990949590225,35.0,50.80952380952381,45.63180803739761,2.54,2.6233333333333335,1.506068834194949,4.0,6.523809523809524,6.630377422281839,0.32,0.32857142857142857,0.2381866015183414,26.0,28.476190476190474,23.93244460480176,16.0,17.61904761904762,14.667911202608877,20.0,28.952380952380953,28.308083987575337,9.0,13.761904761904763,14.320980280360565,9.0,15.952380952380953,14.796878692738515,2.0,4.190476190476191,4.718252299517774,9.0,11.761904761904763,12.879847677301008,7.0,13.095238095238095,15.952757635922266,860.0,1139.4285714285713,817.5648947593439,32.0,102.33333333333333,159.90288719511392,187.0,314.6190476190476,329.93703584024576,307.0,513.4761904761905,469.2663016931451,218.0,321.23809523809524,285.0820767361401,44.0,57.38095238095238,73.48841826470087,19.0,29.285714285714285,35.421946385176035,49.0,54.8,20.754859925480485,44.35,38.22,18.673471190857622,550.0,655.0,456.14197351263346,1598.0,1773.3809523809523,1235.2182186233524,24.0,35.666666666666664,36.51620644773131,19.0,24.285714285714285,21.185237447672982,6.0,14.047619047619047,26.175324621628267,19.0,23.047619047619047,25.32879031946885,11.0,14.952380952380953,16.169341948503007,606.0,798.2380952380952,570.0718292252218,54.0,83.04761904761905,111.0078718787439,16.0,19.047619047619047,16.478701983093785,12.0,15.666666666666666,13.547447484058882,1.0,2.619047619047619,4.3985928485845385,6.0,32.095238095238095,45.267985112996534,66.0,70.71428571428571,48.99096126546494,9.0,18.095238095238095,26.134086480886914,12.0,16.285714285714285,13.126853610606226,42.9,50.22380952380953,21.815955279609113
Manchester City,23.0,19.88,8.973665174646683,17.0,15.36,8.625929901562305,1494.0,1381.36,766.2823065511386,1.0,2.64,4.4147480109288235,0.0,1.92,2.564501251055781,2.0,2.32,1.74928556845359,0.0,0.04,0.2,1.3,2.52,4.175424130153328,1.5,2.028,2.249355463238303,35.0,41.64,45.442161040161814,64.0,70.28,60.42179518462964,26.0,69.6,78.21764506810467,0.06,0.1784,0.24563998045920782,0.0,0.102,0.1414213562373095,0.07,0.16079999999999997,0.21779041913423708,0.07,0.1164,0.12195900950729306,1.2850000000000001,1.2850000000000001,0.26162950903902243,68.25,68.25,0.3535533905932738,29.9,29.9,6.929646455628164,0.0,0.0,0.0,32.05,31.45,21.18042110287796,0.33,0.4636,0.5136704520734411,0.10500000000000001,0.13272727272727272,0.21026472697829138,17.85,17.027272727272727,4.8395377404381845,676.0,793.52,591.8990707882552,87.7,86.50399999999999,6.956800030665439,10078.0,12871.28,9746.228939612147,94.4,92.12799999999999,6.126072695183,91.9,89.516,7.833990043394236,64.3,59.776,12.408843620579638,9.0,17.24,16.845573107891976,42.0,62.0,64.94548996402034,11.0,15.88,16.20267467632016,1.0,2.32,3.171750305430741,64.0,70.28,60.42179518462964,33.0,39.76,33.935330655036594,2.08,2.3836,1.746314881877454,3.0,4.64,4.55411901469428,0.26,0.2756,0.2381015189647755,15.0,18.44,17.05891751157343,7.0,11.2,10.889597482613091,13.0,16.88,15.738276059763768,6.0,8.84,8.547319267856247,11.0,12.44,9.600694419328912,1.0,3.28,4.817675788178362,9.0,9.16,7.098591409568521,5.0,8.2,8.582928793055823,892.0,1033.8,699.0405925266429,39.0,78.52,139.2913971978648,197.0,241.56,242.91049105929258,331.0,447.28,395.86745677478126,324.0,353.4,278.85524918853514,22.0,48.52,51.75995878411548,21.0,29.68,41.02206723216176,45.7,47.89565217391304,26.413744326165936,36.1,37.56086956521739,23.65776326802367,590.0,664.68,466.34525121773606,1714.0,2051.96,1583.7090294621673,35.0,41.64,45.442161040161814,23.0,31.16,27.549470654321716,3.0,14.48,23.368639954719946,14.0,17.4,15.124483462254172,13.0,14.88,14.509537093466031,630.0,783.04,543.7994023534781,26.0,69.6,78.21764506810467,11.0,10.64,8.18474190185616,12.0,13.88,11.47214016650773,0.0,1.68,2.461706725018234,8.0,23.6,32.247738938825876,46.0,53.0,35.29046141192641,5.0,11.12,13.488637193331776,8.0,11.96,11.11860302975753,47.3,45.18,20.939854345243187
Manchester Utd,20.0,17.666666666666668,11.454056150501906,11.5,12.833333333333334,10.780196829286602,1071.0,1149.6666666666667,931.0153276020138,0.0,1.3333333333333333,2.264163594268134,0.0,0.9333333333333333,1.99885024422806,2.0,2.6,2.4719111690322144,0.0,0.1,0.40257789993644877,0.7,1.6033333333333333,2.26768655216072,0.35,1.2,1.707589549325457,10.0,21.066666666666666,31.189004841265866,22.0,43.2,55.750923913791596,14.5,42.7,64.32576037852846,0.0,0.07433333333333333,0.1170524000942146,0.0,0.044000000000000004,0.08528249203837716,0.06,0.12666666666666665,0.16103829772241549,0.06,0.081,0.08742878875661195,2.65,2.65,1.9091883092036783,51.15,51.15,25.24371208835975,13.65,13.65,19.30401512639275,25.0,25.0,,26.8,26.454166666666666,16.521290063500455,0.185,0.366,0.45842007538636587,0.02,0.05375,0.06863973370780413,16.05,15.799999999999999,5.37069342134579,286.0,512.8666666666667,464.77074313919644,82.6,81.94666666666667,7.597537411072335,3685.5,8413.766666666666,8136.406631598045,90.9,90.26,4.877859903828657,86.55,84.87333333333332,8.86391107470229,54.85,57.906666666666666,18.43607657665345,6.0,12.2,17.307363392100104,18.0,33.93333333333333,39.777773496864,5.0,9.933333333333334,14.694435572066359,1.0,2.2,2.9290459786127605,22.0,43.2,55.750923913791596,14.5,28.266666666666666,35.942418828792924,1.83,2.1653333333333333,1.4409856141647925,0.5,2.2,3.9163670709578233,0.015,0.117,0.20710067516831618,13.0,25.1,27.822528703341757,8.5,15.133333333333333,17.010611968422236,10.0,22.033333333333335,24.512464574991842,5.0,9.933333333333334,12.224715872400452,8.0,11.6,11.18064830641426,1.0,3.2666666666666666,4.784553691096852,6.0,8.333333333333334,8.667550794867555,5.0,11.466666666666667,12.721779677424049,517.0,756.2666666666667,662.1173421023221,22.5,79.2,182.86897514057856,126.5,265.8333333333333,314.013736063857,206.0,319.6,307.20975649018476,78.0,177.86666666666667,219.1376096292532,17.0,29.033333333333335,37.52836475147219,5.5,19.5,25.45686006046172,46.9,47.67777777777778,28.76123637726164,50.0,46.766666666666666,27.135698882581845,310.0,461.8333333333333,401.0441615835217,744.5,1155.9333333333334,1107.4359305304688,10.0,21.066666666666666,31.189004841265866,9.5,14.8,18.162864729232936,1.0,7.0,15.25190773821991,9.5,15.7,17.765037340915946,4.5,11.066666666666666,13.801382572754813,385.0,508.0,438.9121347934749,14.5,42.7,64.32576037852846,9.0,12.533333333333333,11.667027909021433,7.0,11.3,11.567344045884607,0.5,2.066666666666667,3.161550616208852,6.0,19.033333333333335,35.196476443288866,31.5,53.1,51.33483726711694,8.5,14.633333333333333,15.979476779948696,10.0,15.166666666666666,17.60502148846162,50.0,48.27241379310345,21.342829116117738
Newcastle Utd,27.0,23.217391304347824,10.144216989986017,14.0,16.73913043478261,12.588657922923923,1503.0,1502.8695652173913,1050.9113060208888,0.0,2.782608695652174,5.1870163234677555,1.0,2.0869565217391304,2.8430624250215066,2.0,2.608695652173913,3.026235742105763,0.0,0.043478260869565216,0.20851441405707474,0.5,2.634782608695652,4.43699413973553,0.9,1.8826086956521737,2.277489082682753,14.0,29.82608695652174,33.44011224142897,59.0,63.17391304347826,62.65029360296366,22.0,62.69565217391305,71.58557166878145,0.0,0.16086956521739132,0.2581034507796202,0.04,0.10304347826086957,0.12679384780775932,0.12,0.14304347826086958,0.16196056710336218,0.08,0.0973913043478261,0.09031346377551043,1.26,1.26,0.08485281374238578,70.4,70.4,0.42426406871193956,39.0,39.0,15.556349186104045,50.0,50.0,,25.6,23.595238095238095,16.416256460913257,0.3,0.3830434782608696,0.40777037636627955,0.05,0.08476190476190476,0.10740665936612345,15.0,15.638095238095238,3.6399829931575494,479.0,616.8695652173913,528.14007304776,81.8,79.71304347826087,6.826839036134985,6849.0,10418.652173913044,9383.7411206284,88.6,87.73478260869565,7.614078389622749,86.8,85.29565217391304,11.200262913345526,52.3,54.26190476190476,12.648931820137074,8.0,15.826086956521738,16.58765196248277,26.0,45.608695652173914,48.60764916463511,8.0,15.478260869565217,18.7734570004311,0.0,2.8260869565217392,4.657859183564167,59.0,63.17391304347826,62.65029360296366,32.0,37.130434782608695,35.94352179313096,1.89,2.063913043478261,1.3870922468191402,3.0,4.826086956521739,5.382228111724764,0.23,0.2217391304347826,0.21126571321685794,22.0,24.434782608695652,22.0223565887786,15.0,14.956521739130435,13.692991773729181,27.0,24.0,22.207697273283834,9.0,11.608695652173912,10.760783726251637,17.0,17.130434782608695,14.194443047852747,3.0,5.6521739130434785,7.189693985472754,9.0,11.478260869565217,10.290638133837037,6.0,11.043478260869565,11.845514152353068,773.0,923.6521739130435,736.155221323209,26.0,91.73913043478261,145.62130756654847,122.0,301.7391304347826,343.4360093090394,232.0,387.82608695652175,354.65753675827426,133.0,243.1304347826087,228.0706239000674,33.0,43.0,46.88768010314165,8.0,26.956521739130434,30.859620955766726,45.3,43.07142857142857,16.940252148570366,46.9,44.98095238095238,16.69819208919394,498.0,525.5217391304348,429.8606401619882,1519.0,1429.9565217391305,1147.0369922805799,14.0,29.82608695652174,33.44011224142897,14.0,18.434782608695652,17.450777755411785,4.0,10.73913043478261,15.91516541285629,11.0,19.130434782608695,17.67459488497052,8.0,17.956521739130434,20.318997516586574,567.0,612.304347826087,506.39998876046667,22.0,62.69565217391305,71.58557166878145,9.0,15.826086956521738,16.94282410159385,11.0,18.217391304347824,24.096315300626227,2.0,3.0869565217391304,4.31606979763114,10.0,27.52173913043478,39.354876751308375,49.0,66.52173913043478,58.23765539518958,7.0,19.304347826086957,29.006950237061048,14.0,18.434782608695652,19.699621793685004,50.0,49.52173913043478,24.045032685316624
Nott'ham Forest,30.0,24.5,10.88795752414653,19.0,17.5,13.3014499746671,1804.0,1572.6818181818182,1104.9251380098385,1.0,2.409090909090909,4.159430946760121,1.0,1.7727272727272727,2.4867614851414044,3.0,3.727272727272727,3.2393682244392186,0.0,0.09090909090909091,0.2942449431682498,1.4,1.9227272727272726,2.6047450872776334,1.1,1.4090909090909092,1.4319181577134954,13.0,26.181818181818183,33.95183754566567,35.0,45.95454545454545,43.847655389049976,18.5,45.59090909090909,58.061264106204135,0.065,0.11727272727272728,0.15848033731670724,0.055,0.09045454545454545,0.10499330013669003,0.07,0.11045454545454546,0.13120239808810383,0.065,0.085,0.08500700251267819,1.2,1.2,,74.3,74.3,,37.1,37.1,,0.0,0.0,,36.45,39.045,26.103447544035454,0.265,0.42363636363636364,0.40146808512834914,0.07,0.07849999999999999,0.08099870044441584,18.8,19.125,6.3516989024487325,390.0,443.8636363636364,344.0947122460195,76.85,73.85909090909091,8.546492407270508,5741.5,7599.045454545455,6391.0960195547705,88.05000000000001,86.27272727272727,7.767219384676664,81.65,77.93636363636364,11.844449994448691,42.3,44.89545454545455,15.644243647660291,10.0,14.136363636363637,15.125807194660496,27.0,39.81818181818182,38.32522029711651,7.0,9.954545454545455,10.705927475790368,1.0,2.5454545454545454,3.5553751757996848,35.0,45.95454545454545,43.847655389049976,23.5,33.36363636363637,32.429477264843406,1.755,1.8890909090909092,1.2752176624326088,2.0,3.8181818181818183,4.875950345818934,0.15500000000000003,0.2109090909090909,0.22064643320218996,20.5,28.727272727272727,25.941659487582843,13.0,17.318181818181817,16.018995758418352,18.5,27.545454545454547,27.1919583223165,7.5,13.681818181818182,14.403658145254905,11.0,18.272727272727273,18.03219823427452,3.5,6.818181818181818,10.06472559480393,8.5,11.454545454545455,10.572773987159179,11.0,13.5,11.342083456881152,849.0,787.0,571.4851162499668,35.0,104.86363636363636,177.05078514223123,154.0,271.27272727272725,291.76085801285654,246.0,314.90909090909093,266.41355411874565,127.0,210.86363636363637,207.453562320536,21.0,32.45454545454545,32.12583483847951,12.5,25.181818181818183,28.13511001550226,45.0,49.33888888888889,24.382229278209227,39.1,39.28888888888889,21.944767268246803,369.5,359.6363636363636,275.27190807749236,834.5,1099.409090909091,1012.9616482699631,13.0,26.181818181818183,33.95183754566567,10.5,16.5,17.82387377060543,2.0,7.909090909090909,12.701365096897078,18.0,23.681818181818183,24.08395309198215,10.0,13.363636363636363,13.425439443177428,452.0,440.3181818181818,334.76052369583283,18.5,45.59090909090909,58.061264106204135,12.0,16.954545454545453,14.045766258326735,10.0,17.40909090909091,17.148258528572825,1.0,3.772727272727273,6.30141192176739,6.5,24.545454545454547,37.85149839485791,47.0,66.31818181818181,54.88202617011144,13.5,24.136363636363637,26.80493105763059,19.0,23.363636363636363,27.27556983743346,44.3,50.42272727272727,20.81498845997145
Southampton,20.0,18.655172413793103,10.379498549919608,13.0,13.241379310344827,9.840351229263666,1178.0,1184.3103448275863,856.2372878492552,0.0,0.8275862068965517,1.0713464664764276,0.0,0.5172413793103449,0.8289705171033536,2.0,2.8620689655172415,2.9486575387433813,0.0,0.10344827586206896,0.4092525928189875,0.5,1.0724137931034483,1.3879317994062084,0.5,0.8103448275862069,0.9220880139220546,10.0,20.620689655172413,26.91045175750685,24.0,36.44827586206897,39.45755966577666,20.0,35.3448275862069,38.70610496519063,0.0,0.05137931034482759,0.07637894894776003,0.0,0.04310344827586207,0.09721491097694919,0.04,0.07758620689655173,0.08958855046480124,0.03,0.05448275862068966,0.05871153493969792,2.33,2.41,0.16522711641858312,67.1,67.46666666666665,2.6689573494781276,0.0,2.466666666666667,4.2723919920032305,14.3,14.3,20.22325394193526,30.0,25.888,22.6140502048321,0.14,0.21586206896551724,0.28653742265414617,0.05,0.0704,0.09650043177796322,18.1,17.312,6.087303727157589,257.0,499.7931034482759,481.21352398392196,80.2,80.85172413793103,8.16073441590256,4218.0,8476.620689655172,8576.582746116615,90.9,89.59655172413794,7.081892541576959,89.5,85.36206896551724,10.849009625408982,55.25,53.69642857142857,17.126943947905854,5.0,8.827586206896552,9.449372486789198,13.0,32.241379310344826,39.48386213958974,5.0,7.0,7.764387566686396,1.0,1.8620689655172413,2.6011554840525677,24.0,36.44827586206897,39.45755966577666,15.0,20.03448275862069,20.125468510288666,1.37,1.4058620689655172,0.8520585042010207,1.0,1.3793103448275863,1.8787114334687767,0.06,0.10758620689655173,0.1402715522634017,13.0,20.413793103448278,19.72945086734787,7.0,11.827586206896552,11.313926202179966,13.0,18.24137931034483,14.495455377496262,10.0,9.379310344827585,7.017395696733368,8.0,13.379310344827585,14.915030274150226,2.0,5.896551724137931,9.135272408113693,5.0,7.482758620689655,8.00277045624635,5.0,9.620689655172415,12.263225493620721,457.0,726.7931034482758,636.273378987273,42.0,93.65517241379311,170.63940171812376,161.0,265.3448275862069,322.22610471775306,198.0,313.41379310344826,308.40204710750305,131.0,154.3448275862069,149.2857461050712,15.0,21.862068965517242,20.864741513463457,6.0,22.82758620689655,32.3817287166668,43.349999999999994,47.38461538461539,27.490663030311833,44.95,42.888461538461534,27.786965677066316,253.0,406.8965517241379,363.2547654615723,599.0,1101.344827586207,1119.5630294214302,10.0,20.620689655172413,26.91045175750685,9.0,15.241379310344827,18.795240986586006,1.0,5.103448275862069,7.589206751255397,10.0,14.931034482758621,15.028380376766103,5.0,11.137931034482758,13.765184182076984,349.0,494.3448275862069,436.3488345563893,20.0,35.3448275862069,38.70610496519063,12.0,14.758620689655173,13.428794149709455,8.0,13.655172413793103,15.764507744725094,0.0,1.5172413793103448,2.6270663928633997,6.0,17.620689655172413,26.858642920061865,23.0,46.0,44.260591952661464,8.0,14.620689655172415,20.917207190498598,8.0,12.655172413793103,13.743247334259845,54.5,54.45172413793103,22.802124285276193
Tottenham,22.0,19.333333333333332,9.232051193032305,16.0,14.222222222222221,8.092414935430554,1300.0,1277.7777777777778,694.5650732837356,1.0,2.2222222222222223,3.2502465389724766,1.0,1.7037037037037037,2.38286858178597,2.0,2.4444444444444446,2.325995788959303,0.0,0.037037037037037035,0.19245008972987523,0.7,2.1,2.9091368003373312,0.9,1.5814814814814815,2.0200984433432247,18.0,29.51851851851852,29.123570113952994,49.0,56.925925925925924,47.133138698083364,31.0,56.51851851851852,69.30333012887307,0.06,0.13481481481481483,0.19355719429767382,0.07,0.11777777777777779,0.15054601477323326,0.06,0.14074074074074072,0.17121569675358278,0.08,0.10666666666666666,0.11076655979685733,1.75,1.7733333333333334,0.3555746522649406,64.9,63.4,6.481512169239523,17.4,18.900000000000002,5.505451843400321,0.0,0.0,,34.15,32.9125,19.255791054392827,0.29,0.40185185185185185,0.39576641359652315,0.055,0.07458333333333333,0.08091751928684067,16.9,16.408333333333335,5.073196116904975,703.0,581.1111111111111,373.3527238554132,84.8,80.47037037037036,8.375964459498416,10567.0,9644.851851851852,6442.942941423488,91.0,89.21111111111111,6.897509769883698,89.8,84.44074074074075,11.116178758882485,55.6,54.42962962962962,14.817604260183089,7.0,13.518518518518519,17.690437161120887,39.0,45.111111111111114,39.490342863631604,8.0,13.37037037037037,16.63903692698438,1.0,3.037037037037037,5.117702921319602,49.0,56.925925925925924,47.133138698083364,18.0,31.37037037037037,36.5178019265927,1.57,1.9548148148148148,1.5125789753580328,2.0,3.814814814814815,4.599640763874409,0.19,0.24962962962962965,0.24832487222435487,14.0,22.85185185185185,20.776657952363646,9.0,14.481481481481481,14.00101746404489,14.0,20.666666666666668,17.761236963160492,9.0,10.25925925925926,8.600503529948755,15.0,15.148148148148149,12.249658405609972,5.0,5.2592592592592595,5.230035980112981,9.0,9.88888888888889,9.328753455078605,10.0,10.777777777777779,10.82494744465243,892.0,847.925925925926,515.9538534766253,60.0,86.33333333333333,119.4033242676009,228.0,275.18518518518516,231.3053321805546,393.0,358.7037037037037,259.8235813918618,168.0,222.33333333333334,227.99089050627913,24.0,35.888888888888886,42.50821941635191,19.0,28.51851851851852,29.70802840255394,42.15,44.3,25.462929917823676,48.55,42.62692307692308,24.18069573345329,588.0,528.1481481481482,309.81330652553464,1526.0,1462.7407407407406,859.1309827867028,18.0,29.51851851851852,29.123570113952994,18.0,19.85185185185185,17.05579915747969,4.0,8.703703703703704,12.005815305076165,16.0,18.40740740740741,18.21085741076811,11.0,14.74074074074074,16.38618694227313,629.0,576.4074074074074,339.1683561141484,31.0,56.51851851851852,69.30333012887307,10.0,15.074074074074074,13.219815912618934,11.0,16.962962962962962,15.298269086306366,1.0,2.185185185185185,3.186957037158668,13.0,26.85185185185185,42.5772634374658,59.0,57.666666666666664,41.01688207780566,9.0,14.62962962962963,14.079849617171531,11.0,14.925925925925926,14.166390143103138,51.4,51.07037037037038,23.391678579798988
West Ham,20.0,21.56,8.52975185258438,14.0,15.4,10.862780491200215,1070.0,1381.52,914.3885078747071,0.0,1.48,2.5999999999999996,1.0,0.96,1.5132745950421556,2.0,2.96,2.6532998322843198,0.0,0.12,0.33166247903553997,1.2,1.776,2.2548614148102315,1.1,1.26,1.40356688476182,11.0,22.92,30.369831521868317,31.0,45.0,41.31182235954577,25.0,44.64,57.79120463646119,0.0,0.084,0.12529964086141668,0.03,0.07440000000000001,0.13635370670918096,0.07,0.13720000000000002,0.15915191903754514,0.08,0.1008,0.09720768145230772,1.685,1.685,0.00707106781186556,68.75,68.75,8.2731493398826,17.049999999999997,17.049999999999997,0.4949747468305815,0.0,0.0,,26.9,23.791304347826088,13.969476890169517,0.23,0.3836,0.40923587330535927,0.0,0.04695652173913044,0.06182341293839882,16.7,17.791304347826088,5.591707581400276,517.0,533.44,408.4354375744919,79.9,78.42,7.804966367640543,8610.0,9381.76,7369.592759440646,89.7,88.676,6.967859546996236,85.6,83.25200000000001,10.62470078010043,53.7,54.144,15.906159184416584,9.0,12.2,12.382783747337808,37.0,39.32,33.53445988829998,4.0,10.0,12.69514342836136,1.0,2.6,3.5823642100341124,31.0,45.0,41.31182235954577,19.0,30.16,30.764806733235517,2.31,2.1908,1.4840426768346882,1.0,2.28,3.195309061734091,0.1,0.1344,0.1664351725647757,17.0,23.6,20.816659994661325,11.0,14.0,12.328828005937952,21.0,19.68,15.691611347043576,8.0,9.24,7.742092740338364,14.0,16.64,13.409822270758598,4.0,6.28,8.228608630868283,9.0,10.36,8.040936927166303,8.0,12.24,14.774076395272001,668.0,830.56,599.2430697694106,39.0,107.88,177.8879141482074,196.0,304.12,314.9534780460971,366.0,355.88,288.75109235002617,118.0,178.52,184.7340701296506,23.0,30.88,38.860133813459775,11.0,28.8,45.46885380858711,47.6,49.4,20.514406390759092,45.7,38.7875,20.995616778581272,321.0,421.8,318.08830010968126,714.0,1077.4,937.0678114914274,11.0,22.92,30.369831521868317,10.0,14.56,16.61846362734333,2.0,6.48,13.165991543872924,12.0,18.28,19.688236758701038,6.0,14.68,22.253688832790544,459.0,529.56,390.62184185390004,25.0,44.64,57.79120463646119,15.0,16.28,14.261019131417875,11.0,15.12,17.678423760807032,1.0,2.8,4.281744192888376,13.0,22.4,27.519689920733725,43.0,57.16,47.967593227094476,10.0,21.68,27.425231691515997,12.0,20.84,19.484352696458767,50.0,51.14,16.743232463695097
Wolves,26.0,22.782608695652176,8.923699404798084,15.0,16.652173913043477,10.907081501367374,1364.0,1495.2173913043478,875.6224776238662,1.0,2.1739130434782608,3.9387604639143596,1.0,1.6956521739130435,2.224548628551535,2.0,3.217391304347826,2.74617952368096,0.0,0.08695652173913043,0.2881040655200304,0.8,1.7608695652173914,2.479871538174871,0.9,1.4000000000000001,1.77942789580349,12.0,23.565217391304348,27.78951091681981,31.0,45.91304347826087,41.09845500688036,28.0,45.26086956521739,47.76192606069889,0.07,0.12217391304347826,0.16700453237559784,0.04,0.10043478260869565,0.13026121521666884,0.08,0.11130434782608696,0.11721403685046689,0.07,0.07956521739130436,0.07606685222818899,2.05,2.05,0.5374011537017764,61.75,61.75,0.3535533905932738,12.95,12.95,18.31406563273158,16.65,16.65,23.546655813512032,28.6,30.59047619047619,17.021307375225465,0.23,0.34956521739130436,0.40170634073875816,0.07,0.0980952380952381,0.11775478961040386,18.1,18.047619047619047,5.670856994107598,484.0,563.5652173913044,411.40102378523744,80.4,77.84347826086957,8.718362340327063,9479.0,9615.91304347826,6491.217324641906,90.4,88.33043478260869,6.924688032527248,86.5,84.84347826086957,9.379563184583642,56.0,52.45217391304348,15.721781924370731,10.0,12.391304347826088,12.478123148625075,26.0,39.26086956521739,33.25414176706462,4.0,10.826086956521738,12.68016408666789,1.0,2.782608695652174,3.4896798725167066,31.0,45.91304347826087,41.09845500688036,21.0,29.52173913043478,28.04682702069619,1.71,1.7804347826086957,1.060662221362714,3.0,3.9130434782608696,4.14414201536075,0.18,0.2526086956521739,0.2399662360966708,21.0,32.08695652173913,28.195604176212647,13.0,18.91304347826087,17.580756637658382,19.0,26.82608695652174,23.596325164415372,8.0,12.217391304347826,13.300569098347669,16.0,18.043478260869566,12.607639317888202,4.0,5.869565217391305,6.047571622531168,10.0,12.173913043478262,10.443145528888765,9.0,12.08695652173913,9.82997754310882,756.0,875.8260869565217,572.2617529015828,59.0,103.43478260869566,151.45261067618614,304.0,311.0869565217391,256.91189028067373,329.0,393.6521739130435,316.27600269609917,124.0,181.7391304347826,186.292345373244,23.0,28.304347826086957,31.848269230280426,14.0,28.391304347826086,34.83433406912677,45.6,44.13809523809524,22.43453757469666,41.7,42.95238095238095,22.981636561559732,390.0,480.60869565217394,307.3460796044442,1038.0,1328.695652173913,911.0664797010055,12.0,23.565217391304348,27.78951091681981,13.0,17.91304347826087,21.833904084907324,3.0,5.695652173913044,8.688732424597102,16.0,23.043478260869566,22.74058898427608,11.0,14.434782608695652,15.287624486838787,482.0,559.2173913043479,370.7579407010528,28.0,45.26086956521739,47.76192606069889,15.0,19.782608695652176,17.503133542153716,10.0,16.91304347826087,17.085115913295727,1.0,2.5217391304347827,3.3148366916773013,10.0,21.652173913043477,30.692919964844982,43.0,65.6086956521739,50.69493351987929,10.0,17.73913043478261,17.532352928500103,16.0,19.043478260869566,19.67111001367133,40.7,46.15652173913043,23.201701075703998
